horizon_min,direction,target_sgt,actual_min,model,model_min,profile_min,persistence_min
60,SG_TO_MY,2026-09-24T01:00:00,15.925,xgb[maps],15.059040069580078,13.997194425775561,21.21666666666667
60,SG_TO_MY,2026-09-24T01:10:00,13.833333333333334,xgb[maps],15.05642032623291,13.698707688871737,21.858333333333334
60,SG_TO_MY,2026-09-24T01:20:00,12.916666666666666,xgb[maps],14.041862487792969,13.503383182948042,19.516666666666666
60,SG_TO_MY,2026-09-24T01:30:00,12.6,xgb[maps],14.257617950439453,13.375624378551212,18.308333333333334
60,SG_TO_MY,2026-09-24T01:40:00,12.583333333333332,xgb[maps],13.979443550109863,13.277938389541568,17.05
60,SG_TO_MY,2026-09-24T01:50:00,12.649999999999999,xgb[maps],14.102322578430176,13.176205535505346,16.558333333333334
60,SG_TO_MY,2026-09-24T02:00:00,12.808333333333334,xgb[maps],13.732373237609863,13.04424662260799,15.925
60,SG_TO_MY,2026-09-24T02:10:00,12.216666666666667,xgb[maps],11.865035057067871,12.867101250973995,13.833333333333334
60,SG_TO_MY,2026-09-24T02:20:00,11.766666666666666,xgb[maps],12.039111137390137,12.642611566178225,12.916666666666666
60,SG_TO_MY,2026-09-24T02:30:00,11.691666666666666,xgb[maps],12.06546401977539,12.381137217293183,12.6
60,SG_TO_MY,2026-09-24T02:40:00,12.25,xgb[maps],12.020658493041992,12.103478784609322,12.583333333333332
60,SG_TO_MY,2026-09-24T02:50:00,11.958333333333332,xgb[maps],11.961302757263184,11.837326110131052,12.649999999999999
60,SG_TO_MY,2026-09-24T03:00:00,12.116666666666667,xgb[maps],11.925980567932129,11.6127440096517,12.808333333333334
60,SG_TO_MY,2026-09-24T03:10:00,12.416666666666666,xgb[maps],11.944146156311035,11.4573355482699,12.216666666666667
60,SG_TO_MY,2026-09-24T03:20:00,12.925,xgb[maps],11.930269241333008,11.391765960253789,11.766666666666666
60,SG_TO_MY,2026-09-24T03:30:00,12.591666666666667,xgb[maps],11.788254737854004,11.426282769417051,11.691666666666666
60,SG_TO_MY,2026-09-24T03:40:00,12.475,xgb[maps],11.802131652832031,11.558735666148413,12.25
60,SG_TO_MY,2026-09-24T03:50:00,12.383333333333333,xgb[maps],11.788254737854004,11.774400014538584,11.958333333333332
60,SG_TO_MY,2026-09-24T04:00:00,12.375,xgb[maps],12.078414916992188,12.047666046227178,12.116666666666667
60,SG_TO_MY,2026-09-24T04:10:00,12.375,xgb[maps],11.801529884338379,12.345402955233958,12.416666666666666
60,SG_TO_MY,2026-09-24T04:20:00,12.675,xgb[maps],11.801529884338379,12.631575999532885,12.925
60,SG_TO_MY,2026-09-24T04:30:00,12.725000000000001,xgb[maps],11.651497840881348,12.872515612419702,12.591666666666667
60,SG_TO_MY,2026-09-24T04:40:00,12.725,xgb[maps],11.87294864654541,13.042134361811266,12.475
60,SG_TO_MY,2026-09-24T04:50:00,13.175,xgb[maps],12.296770095825195,13.126374875561504,12.383333333333333
60,SG_TO_MY,2026-09-24T05:00:00,13.524999999999999,xgb[maps],12.596378326416016,13.126252729547357,12.375
60,SG_TO_MY,2026-09-24T05:10:00,13.583333333333334,xgb[maps],12.683576583862305,13.059024050011748,12.375
60,SG_TO_MY,2026-09-24T05:20:00,13.616666666666667,xgb[maps],13.79605770111084,12.95723857079022,12.675
60,SG_TO_MY,2026-09-24T05:30:00,13.675,xgb[maps],13.2993745803833,12.865706880554994,12.725000000000001
60,SG_TO_MY,2026-09-24T05:40:00,13.833333333333332,xgb[maps],13.628226280212402,12.836682207117933,12.725
60,SG_TO_MY,2026-09-24T05:50:00,14.175,xgb[maps],13.673752784729004,12.923797878701906,13.175
60,SG_TO_MY,2026-09-24T06:00:00,14.166666666666668,xgb[maps],15.404200553894043,13.175480381229733,13.524999999999999
60,SG_TO_MY,2026-09-24T06:10:00,14.541666666666668,xgb[maps],15.779525756835938,13.628650684556863,13.583333333333334
60,SG_TO_MY,2026-09-24T06:20:00,15.383333333333333,xgb[maps],16.710275650024414,14.303519513106366,13.616666666666667
60,SG_TO_MY,2026-09-24T06:30:00,16.208333333333336,xgb[maps],16.895156860351562,15.200173918563014,13.675
60,SG_TO_MY,2026-09-24T06:40:00,17.666666666666668,xgb[maps],16.907196044921875,16.297453859074068,13.833333333333332
60,SG_TO_MY,2026-09-24T06:50:00,19.96666666666667,xgb[maps],18.023401260375977,17.554350895939393,14.175
60,SG_TO_MY,2026-09-24T07:00:00,22.916666666666668,xgb[maps],19.90243911743164,18.913857828436065,14.166666666666668
60,SG_TO_MY,2026-09-24T07:10:00,23.683333333333334,xgb[maps],20.078508377075195,20.308894508287377,14.541666666666668
60,SG_TO_MY,2026-09-24T07:20:00,20.84166666666667,xgb[maps],21.556156158447266,21.669668411626176,15.383333333333333
60,SG_TO_MY,2026-09-24T07:30:00,21.375,xgb[maps],23.09169578552246,22.93163226960578,16.208333333333336
60,SG_TO_MY,2026-09-24T07:40:00,23.425,xgb[maps],23.73478126525879,24.04310076760185,17.666666666666668
60,SG_TO_MY,2026-09-24T07:50:00,28.266666666666666,xgb[maps],27.303630828857422,24.97159849909635,19.96666666666667
60,SG_TO_MY,2026-09-24T08:00:00,33.141666666666666,xgb[maps],30.76779556274414,25.70813342594868,22.916666666666668
60,SG_TO_MY,2026-09-24T08:10:00,35.16666666666667,xgb[maps],30.76306915283203,26.268812022408337,23.683333333333334
60,SG_TO_MY,2026-09-24T08:20:00,32.15833333333333,xgb[maps],27.330663681030273,26.69350981017781,20.84166666666667
60,SG_TO_MY,2026-09-24T08:30:00,36.90833333333333,xgb[maps],24.664480209350586,27.04165035755137,21.375
60,SG_TO_MY,2026-09-24T08:40:00,39.54166666666667,xgb[maps],26.298551559448242,27.385487628100293,23.425
60,SG_TO_MY,2026-09-24T08:50:00,38.775,xgb[maps],30.037803649902344,27.801590430993983,28.266666666666666
60,SG_TO_MY,2026-09-24T09:00:00,42.5,xgb[maps],32.854305267333984,28.36145704585419,33.141666666666666
60,SG_TO_MY,2026-09-24T09:10:00,39.46666666666667,xgb[maps],33.9305305480957,29.12231446582671,35.16666666666667
60,SG_TO_MY,2026-09-24T09:20:00,38.575,xgb[maps],32.8829345703125,30.11916339513729,32.15833333333333
60,SG_TO_MY,2026-09-24T09:30:00,36.925,xgb[maps],36.34956741333008,31.359014232679833,36.90833333333333
60,SG_TO_MY,2026-09-24T09:40:00,36.333333333333336,xgb[maps],39.95551681518555,32.81803218014394,39.54166666666667
60,SG_TO_MY,2026-09-24T09:50:00,40.650000000000006,xgb[maps],43.01166534423828,34.44199589731866,38.775
60,SG_TO_MY,2026-09-24T10:00:00,43.43333333333334,xgb[maps],47.07783889770508,36.15010877273206,42.5
60,SG_TO_MY,2026-09-24T10:10:00,42.99166666666667,xgb[maps],44.513519287109375,37.8418262952308,39.46666666666667
60,SG_TO_MY,2026-09-24T10:20:00,47.53333333333333,xgb[maps],42.92740249633789,39.406020254115546,38.575
60,SG_TO_MY,2026-09-24T10:30:00,52.24166666666666,xgb[maps],41.519927978515625,40.73153024067922,36.925
60,SG_TO_MY,2026-09-24T10:40:00,57.25,xgb[maps],39.33779525756836,41.71798681990063,36.333333333333336
60,SG_TO_MY,2026-09-24T10:50:00,47.56666666666666,xgb[maps],42.96440505981445,42.28574865718036,40.650000000000006
60,SG_TO_MY,2026-09-24T11:00:00,39.675,xgb[maps],41.67705154418945,42.38388352359409,43.43333333333334
60,SG_TO_MY,2026-09-24T11:10:00,37.233333333333334,xgb[maps],42.07974624633789,41.99533125525349,42.99166666666667
60,SG_TO_MY,2026-09-24T11:20:00,37.90833333333333,xgb[maps],44.304527282714844,41.13869228481566,47.53333333333333
60,SG_TO_MY,2026-09-24T11:30:00,36.53333333333333,xgb[maps],45.92631912231445,39.86645388599051,52.24166666666666
60,SG_TO_MY,2026-09-24T11:40:00,30.96666666666667,xgb[maps],46.9229621887207,38.259856033327594,57.25
60,SG_TO_MY,2026-09-24T11:50:00,26.78333333333333,xgb[maps],36.72181701660156,36.42096552816898,47.56666666666666
60,SG_TO_MY,2026-09-24T12:00:00,24.025,xgb[maps],34.70001983642578,34.4628291412978,39.675
60,SG_TO_MY,2026-09-24T12:10:00,22.883333333333333,xgb[maps],30.846206665039062,32.49877977979244,37.233333333333334
60,SG_TO_MY,2026-09-24T12:20:00,21.7,xgb[maps],31.622278213500977,30.63205131105296,37.90833333333333
60,SG_TO_MY,2026-09-24T12:30:00,23.633333333333333,xgb[maps],27.21074104309082,28.946808919009598,36.53333333333333
60,SG_TO_MY,2026-09-24T12:40:00,23.258333333333333,xgb[maps],22.159543991088867,27.501529003882787,30.96666666666667
60,SG_TO_MY,2026-09-24T12:50:00,22.21666666666667,xgb[maps],19.934980392456055,26.325386211990576,26.78333333333333
60,SG_TO_MY,2026-09-24T13:00:00,24.15,xgb[maps],19.176002502441406,25.417957579450167,24.025
60,SG_TO_MY,2026-09-24T13:10:00,22.775,xgb[maps],18.87395668029785,24.75217541012116,22.883333333333333
60,SG_TO_MY,2026-09-24T13:20:00,21.941666666666666,xgb[maps],18.088729858398438,24.280095099881947,21.7
60,SG_TO_MY,2026-09-24T13:30:00,23.066666666666666,xgb[maps],19.507556915283203,23.94073357663227,23.633333333333333
60,SG_TO_MY,2026-09-24T13:40:00,24.6,xgb[maps],21.669851303100586,23.669013578084932,23.258333333333333
60,SG_TO_MY,2026-09-24T13:50:00,26.03333333333333,xgb[maps],21.498682022094727,23.404743114881,22.21666666666667
60,SG_TO_MY,2026-09-24T14:00:00,23.825,xgb[maps],23.86078643798828,23.100579097388906,24.15
60,SG_TO_MY,2026-09-24T14:10:00,24.433333333333334,xgb[maps],22.966768264770508,22.728065439568322,22.775
60,SG_TO_MY,2026-09-24T14:20:00,25.225,xgb[maps],23.126529693603516,22.28108100629598,21.941666666666666
60,SG_TO_MY,2026-09-24T14:30:00,25.491666666666667,xgb[maps],23.831640243530273,21.776351584621285,23.066666666666666
60,SG_TO_MY,2026-09-24T14:40:00,23.80833333333333,xgb[maps],25.39504051208496,21.251034318024956,24.6
60,SG_TO_MY,2026-09-24T14:50:00,23.116666666666667,xgb[maps],28.042234420776367,20.75773064479712,26.03333333333333
60,SG_TO_MY,2026-09-24T15:00:00,23.516666666666666,xgb[maps],25.186519622802734,20.357583834684455,23.825
60,SG_TO_MY,2026-09-24T15:10:00,23.975,xgb[maps],27.00032615661621,20.112334856656993,24.433333333333334
60,SG_TO_MY,2026-09-24T15:20:00,21.475,xgb[maps],28.512725830078125,20.076320770734174,25.225
60,SG_TO_MY,2026-09-24T15:30:00,21.116666666666667,xgb[maps],27.209779739379883,20.28939130540064,25.491666666666667
60,SG_TO_MY,2026-09-24T15:40:00,19.65,xgb[maps],26.89794921875,20.771594192962258,23.80833333333333
60,SG_TO_MY,2026-09-24T15:50:00,20.875,xgb[maps],26.131885528564453,21.52025446339701,23.116666666666667
60,SG_TO_MY,2026-09-24T16:00:00,19.866666666666667,xgb[maps],26.817228317260742,22.509775311539407,23.516666666666666
60,SG_TO_MY,2026-09-24T16:10:00,21.625,xgb[maps],27.488061904907227,23.6941547772937,23.975
60,SG_TO_MY,2026-09-24T16:20:00,23.925,xgb[maps],26.528844833374023,25.01188368398519,21.475
60,SG_TO_MY,2026-09-24T16:30:00,25.78333333333333,xgb[maps],28.03854751586914,26.39260552966572,21.116666666666667
60,SG_TO_MY,2026-09-24T16:40:00,28.483333333333334,xgb[maps],26.513826370239258,27.764712165755526,19.65
60,SG_TO_MY,2026-09-24T16:50:00,29.025,xgb[maps],27.627370834350586,29.06294434390175,20.875
60,SG_TO_MY,2026-09-24T17:00:00,28.433333333333334,xgb[maps],27.58048439025879,30.235075320437723,19.866666666666667
60,SG_TO_MY,2026-09-24T17:10:00,29.491666666666667,xgb[maps],28.043006896972656,31.246876647088463,21.625
60,SG_TO_MY,2026-09-24T17:20:00,33.11666666666667,xgb[maps],31.64576530456543,32.08478256414113,23.925
60,SG_TO_MY,2026-09-24T17:30:00,30.924999999999997,xgb[maps],33.35311508178711,32.755956060165374,25.78333333333333
60,SG_TO_MY,2026-09-24T17:40:00,27.758333333333333,xgb[maps],34.693599700927734,33.285780491548955,28.483333333333334
60,SG_TO_MY,2026-09-24T17:50:00,29.275,xgb[maps],33.05525207519531,33.713116574957525,29.025
60,SG_TO_MY,2026-09-24T18:00:00,33.083333333333336,xgb[maps],32.5538444519043,34.08393729995816,28.433333333333334
60,SG_TO_MY,2026-09-24T18:10:00,36.3,xgb[maps],33.607173919677734,34.44414999880589,29.491666666666667
60,SG_TO_MY,2026-09-24T18:20:00,39.25833333333333,xgb[maps],37.632720947265625,34.83251194390933,33.11666666666667
60,SG_TO_MY,2026-09-24T18:30:00,43.05,xgb[maps],34.74555206298828,35.27453204188631,30.924999999999997
60,SG_TO_MY,2026-09-24T18:40:00,44.625,xgb[maps],31.773330688476562,35.77812852463225,27.758333333333333
60,SG_TO_MY,2026-09-24T18:50:00,45.875,xgb[maps],32.21560287475586,36.33159620875763,29.275
60,SG_TO_MY,2026-09-24T19:00:00,45.06666666666666,xgb[maps],39.334938049316406,36.90415336176534,33.083333333333336
60,SG_TO_MY,2026-09-24T19:10:00,46.8,xgb[maps],38.645355224609375,37.449021950952314,36.3
60,SG_TO_MY,2026-09-24T19:20:00,45.958333333333336,xgb[maps],38.62164306640625,37.90868436878746,39.25833333333333
60,SG_TO_MY,2026-09-24T19:30:00,47.016666666666666,xgb[maps],38.426753997802734,38.22169214478398,43.05
60,SG_TO_MY,2026-09-24T19:40:00,45.916666666666664,xgb[maps],38.98646545410156,38.33020988417813,44.625
60,SG_TO_MY,2026-09-24T19:50:00,43.21666666666667,xgb[maps],38.55638885498047,38.18738377563682,45.875
60,SG_TO_MY,2026-09-24T20:00:00,44.50833333333333,xgb[maps],35.51991271972656,37.76363964540087,45.06666666666666
60,SG_TO_MY,2026-09-24T20:10:00,42.391666666666666,xgb[maps],37.47693634033203,37.051138672903065,46.8
60,SG_TO_MY,2026-09-24T20:20:00,41.175,xgb[maps],35.68648910522461,36.06583459415142,45.958333333333336
60,SG_TO_MY,2026-09-24T20:30:00,37.141666666666666,xgb[maps],36.13181686401367,34.84685852030616,47.016666666666666
60,SG_TO_MY,2026-09-24T20:40:00,35.81666666666666,xgb[maps],35.39092254638672,33.45327251444601,45.916666666666664
60,SG_TO_MY,2026-09-24T20:50:00,36.483333333333334,xgb[maps],32.89828109741211,31.958543129298256,43.21666666666667
60,SG_TO_MY,2026-09-24T21:00:00,32.7,xgb[maps],33.616493225097656,30.443354281482492,44.50833333333333
60,SG_TO_MY,2026-09-24T21:10:00,28.733333333333334,xgb[maps],32.63188171386719,28.98757335470838,42.391666666666666
60,SG_TO_MY,2026-09-24T21:20:00,28.108333333333334,xgb[maps],30.022375106811523,27.662282460269623,41.175
60,SG_TO_MY,2026-09-24T21:30:00,27.758333333333333,xgb[maps],28.66840362548828,26.52277714467269,37.141666666666666
60,SG_TO_MY,2026-09-24T21:40:00,27.933333333333334,xgb[maps],27.154399871826172,25.603319236178553,35.81666666666666
60,SG_TO_MY,2026-09-24T21:50:00,30.116666666666667,xgb[maps],27.418554306030273,24.91422330657809,36.483333333333334
60,SG_TO_MY,2026-09-24T22:00:00,31.03333333333333,xgb[maps],29.508161544799805,24.441582564828202,32.7
60,SG_TO_MY,2026-09-24T22:10:00,28.316666666666666,xgb[maps],26.30187225341797,24.149632812450562,28.733333333333334
60,SG_TO_MY,2026-09-24T22:20:00,27.71666666666667,xgb[maps],25.912158966064453,23.985449039636727,28.108333333333334
60,SG_TO_MY,2026-09-24T22:30:00,26.791666666666664,xgb[maps],24.320327758789062,23.885404311445118,27.758333333333333
60,SG_TO_MY,2026-09-24T22:40:00,24.708333333333336,xgb[maps],22.070341110229492,23.782625782509356,27.933333333333334
60,SG_TO_MY,2026-09-24T22:50:00,24.041666666666664,xgb[maps],23.56356430053711,23.61458031469833,30.116666666666667
60,SG_TO_MY,2026-09-24T23:00:00,25.766666666666666,xgb[maps],23.43269157409668,23.329923305668473,31.03333333333333
60,SG_TO_MY,2026-09-24T23:10:00,24.608333333333334,xgb[maps],21.817874908447266,22.89384751029933,28.316666666666666
60,SG_TO_MY,2026-09-24T23:20:00,23.108333333333334,xgb[maps],20.98009490966797,22.291360176962073,27.71666666666667
60,SG_TO_MY,2026-09-24T23:30:00,22.241666666666667,xgb[maps],19.76057243347168,21.528172597893292,26.791666666666664
60,SG_TO_MY,2026-09-24T23:40:00,21.766666666666666,xgb[maps],19.81707763671875,20.62917461951347,24.708333333333336
60,SG_TO_MY,2026-09-24T23:50:00,21.566666666666666,xgb[maps],19.454484939575195,19.634752657567322,24.041666666666664
60,SG_TO_MY,2026-09-25T00:00:00,20.90833333333333,xgb[maps],20.154529571533203,18.595458937188617,25.766666666666666
60,SG_TO_MY,2026-09-25T00:10:00,20.46666666666667,xgb[maps],19.881839752197266,17.565722557129682,24.608333333333334
60,SG_TO_MY,2026-09-25T00:20:00,18.666666666666668,xgb[maps],18.717512130737305,16.59738852420515,23.108333333333334
60,SG_TO_MY,2026-09-25T00:30:00,18.45,xgb[maps],18.609739303588867,15.73386899290691,22.241666666666667
60,SG_TO_MY,2026-09-25T00:40:00,18.016666666666666,xgb[maps],17.82358169555664,15.005593483601135,21.766666666666666
60,SG_TO_MY,2026-09-25T00:50:00,18.03333333333333,xgb[maps],17.355424880981445,14.427265423097674,21.566666666666666
60,SG_TO_MY,2026-09-25T01:00:00,16.4,xgb[maps],16.838497161865234,14.081849773299698,20.90833333333333
60,SG_TO_MY,2026-09-25T01:10:00,15.5,xgb[maps],16.167383193969727,13.774850011986068,20.46666666666667
60,SG_TO_MY,2026-09-25T01:20:00,15.266666666666666,xgb[maps],14.62235164642334,13.56812195921386,18.666666666666668
60,SG_TO_MY,2026-09-25T01:30:00,14.675,xgb[maps],14.566436767578125,13.426155780059391,18.45
60,SG_TO_MY,2026-09-25T01:40:00,14.05,xgb[maps],14.386908531188965,13.312051656317887,18.016666666666666
60,SG_TO_MY,2026-09-25T01:50:00,13.308333333333334,xgb[maps],14.373687744140625,13.192733400615198,18.03333333333333
60,SG_TO_MY,2026-09-25T02:00:00,11.9,xgb[maps],14.421489715576172,13.04339573886312,16.4
60,SG_TO_MY,2026-09-25T02:10:00,11.083333333333332,xgb[maps],14.237590789794922,12.850614009413025,15.5
60,SG_TO_MY,2026-09-25T02:20:00,11.316666666666666,xgb[maps],14.438920974731445,12.613732476909966,15.266666666666666
60,SG_TO_MY,2026-09-25T02:30:00,12.483333333333334,xgb[maps],14.039637565612793,12.344382335134686,14.675
60,SG_TO_MY,2026-09-25T02:40:00,12.9,xgb[maps],13.264596939086914,12.0642322647534,14.05
60,SG_TO_MY,2026-09-25T02:50:00,13.333333333333334,xgb[maps],12.99982738494873,11.801310609538245,13.308333333333334
60,SG_TO_MY,2026-09-25T03:00:00,13.416666666666666,xgb[maps],12.874649047851562,11.585428431444647,11.9
60,SG_TO_MY,2026-09-25T03:10:00,13.3,xgb[maps],12.788283348083496,11.443352428842342,11.083333333333332
60,SG_TO_MY,2026-09-25T03:20:00,13.441666666666666,xgb[maps],12.784430503845215,11.394410503004744,11.316666666666666
60,SG_TO_MY,2026-09-25T03:30:00,13.541666666666666,xgb[maps],12.75229263305664,11.447156164829554,12.483333333333334
60,SG_TO_MY,2026-09-25T03:40:00,13.35,xgb[maps],12.74592399597168,11.597578077910137,12.9
60,SG_TO_MY,2026-09-25T03:50:00,12.95,xgb[maps],12.237431526184082,11.829135621713652,13.333333333333334
60,SG_TO_MY,2026-09-25T04:00:00,12.791666666666666,xgb[maps],12.12819766998291,12.11465669869259,13.416666666666666
60,SG_TO_MY,2026-09-25T04:10:00,12.825,xgb[maps],12.62479019165039,12.419881567476699,13.3
60,SG_TO_MY,2026-09-25T04:20:00,13.141666666666666,xgb[maps],13.420937538146973,12.70820896966058,13.441666666666666
60,SG_TO_MY,2026-09-25T04:30:00,13.408333333333335,xgb[maps],13.498038291931152,12.946028049835066,13.541666666666666
60,SG_TO_MY,2026-09-25T04:40:00,13.766666666666666,xgb[maps],13.704178810119629,13.107924681835684,13.35
60,SG_TO_MY,2026-09-25T04:50:00,14.175,xgb[maps],14.299571990966797,13.181047272316023,12.95
60,SG_TO_MY,2026-09-25T05:00:00,15.166666666666668,xgb[maps],14.53402328491211,13.16800691060813,12.791666666666666
60,SG_TO_MY,2026-09-25T05:10:00,15.358333333333334,xgb[maps],14.399248123168945,13.08786001943015,12.825
60,SG_TO_MY,2026-09-25T05:20:00,15.375,xgb[maps],14.98353385925293,12.974957834929393,13.141666666666666
60,SG_TO_MY,2026-09-25T05:30:00,16.45,xgb[maps],16.270626068115234,12.875717212647364,13.408333333333335
60,SG_TO_MY,2026-09-25T05:40:00,16.81666666666667,xgb[maps],16.65313720703125,12.843637742898913,13.766666666666666
60,SG_TO_MY,2026-09-25T05:50:00,15.85,xgb[maps],17.43688201904297,12.933126657026438,14.175
60,SG_TO_MY,2026-09-25T06:00:00,15.658333333333333,xgb[maps],19.175371170043945,13.192864851765838,15.166666666666668
60,SG_TO_MY,2026-09-25T06:10:00,16.675,xgb[maps],20.02286148071289,13.65953141144323,15.358333333333334
60,SG_TO_MY,2026-09-25T06:20:00,16.358333333333334,xgb[maps],20.18695831298828,14.352687643743263,15.375
60,SG_TO_MY,2026-09-25T06:30:00,17.0,xgb[maps],22.325572967529297,15.271504494346145,16.45
60,SG_TO_MY,2026-09-25T06:40:00,17.333333333333336,xgb[maps],23.71352767944336,16.39381139918593,16.81666666666667
60,SG_TO_MY,2026-09-25T06:50:00,17.21666666666667,xgb[maps],22.416162490844727,17.677673513059375,15.85
60,SG_TO_MY,2026-09-25T07:00:00,17.458333333333332,xgb[maps],23.879274368286133,19.06539969138652,15.658333333333333
60,SG_TO_MY,2026-09-25T07:10:00,16.53333333333333,xgb[maps],25.3841495513916,20.489582232065622,16.675
60,SG_TO_MY,2026-09-25T07:20:00,16.808333333333334,xgb[maps],24.229185104370117,21.880508200362385,16.358333333333334
60,SG_TO_MY,2026-09-25T07:30:00,22.375,xgb[maps],23.57331085205078,23.174094005756842,17.0
60,SG_TO_MY,2026-09-25T07:40:00,25.066666666666666,xgb[maps],24.861454010009766,24.3194044012368,17.333333333333336
60,SG_TO_MY,2026-09-25T07:50:00,25.958333333333332,xgb[maps],23.845565795898438,25.284837510940484,17.21666666666667
60,SG_TO_MY,2026-09-25T08:00:00,25.075,xgb[maps],25.554471969604492,26.062188994049283,17.458333333333332
60,SG_TO_MY,2026-09-25T08:10:00,24.291666666666664,xgb[maps],24.499563217163086,26.66803777438801,16.53333333333333
60,SG_TO_MY,2026-09-25T08:20:00,26.416666666666664,xgb[maps],24.309497833251953,27.142197655861004,16.808333333333334
60,SG_TO_MY,2026-09-25T08:30:00,27.0,xgb[maps],28.53011131286621,27.54331918945527,22.375
60,SG_TO_MY,2026-09-25T08:40:00,28.116666666666667,xgb[maps],30.496789932250977,27.942064758116267,25.066666666666666
60,SG_TO_MY,2026-09-25T08:50:00,28.941666666666666,xgb[maps],29.169540405273438,28.412576866808095,25.958333333333332
60,SG_TO_MY,2026-09-25T09:00:00,31.799999999999997,xgb[maps],28.719497680664062,29.02317917152749,25.075
60,SG_TO_MY,2026-09-25T09:10:00,29.525,xgb[maps],28.440980911254883,29.82736452458397,24.291666666666664
60,SG_TO_MY,2026-09-25T09:20:00,33.083333333333336,xgb[maps],28.82910919189453,30.856118850763075,26.416666666666664
60,SG_TO_MY,2026-09-25T09:30:00,37.35,xgb[maps],30.136674880981445,32.112502501422796,27.0
60,SG_TO_MY,2026-09-25T09:40:00,37.94166666666666,xgb[maps],34.35621643066406,33.569174619198286,28.116666666666667
60,SG_TO_MY,2026-09-25T09:50:00,47.391666666666666,xgb[maps],38.79764938354492,35.16922666723051,28.941666666666666
60,SG_TO_MY,2026-09-25T10:00:00,45.55833333333334,xgb[maps],40.58274459838867,36.83032436734171,31.799999999999997
60,SG_TO_MY,2026-09-25T10:10:00,45.65833333333333,xgb[maps],39.046817779541016,38.45178455021947,29.525
60,SG_TO_MY,2026-09-25T10:20:00,44.56666666666666,xgb[maps],41.6073112487793,39.92387768696322,33.083333333333336
60,SG_TO_MY,2026-09-25T10:30:00,47.75833333333333,xgb[maps],44.859195709228516,41.13838712746643,37.35
60,SG_TO_MY,2026-09-25T10:40:00,47.45833333333333,xgb[maps],45.32537841796875,41.99930285954778,37.94166666666666
60,SG_TO_MY,2026-09-25T10:50:00,46.375,xgb[maps],44.755863189697266,42.43249940286587,47.391666666666666
60,SG_TO_MY,2026-09-25T11:00:00,44.916666666666664,xgb[maps],43.89759063720703,42.39334844764667,45.55833333333334
60,SG_TO_MY,2026-09-25T11:10:00,46.2,xgb[maps],44.24775314331055,41.87143635861689,45.65833333333333
60,SG_TO_MY,2026-09-25T11:20:00,46.66666666666667,xgb[maps],41.13132095336914,40.891870307835845,44.56666666666666
60,SG_TO_MY,2026-09-25T11:30:00,46.74166666666667,xgb[maps],38.449100494384766,39.51302926719636,47.75833333333333
60,SG_TO_MY,2026-09-25T11:40:00,38.625,xgb[maps],35.25258255004883,37.82100520389296,47.45833333333333
60,SG_TO_MY,2026-09-25T11:50:00,40.05,xgb[maps],33.627281188964844,35.921341404832816,46.375
60,SG_TO_MY,2026-09-25T12:00:00,41.016666666666666,xgb[maps],32.26195526123047,33.92896785242871,44.916666666666664
60,SG_TO_MY,2026-09-25T12:10:00,40.94166666666666,xgb[maps],30.7326717376709,31.95742480680574,46.2
60,SG_TO_MY,2026-09-25T12:20:00,38.41666666666667,xgb[maps],29.770854949951172,30.108533763991378,46.66666666666667
60,SG_TO_MY,2026-09-25T12:30:00,38.275000000000006,xgb[maps],27.797006607055664,28.463612503460855,46.74166666666667
60,SG_TO_MY,2026-09-25T12:40:00,40.233333333333334,xgb[maps],25.305967330932617,27.07714578052132,38.625
60,SG_TO_MY,2026-09-25T12:50:00,43.66666666666667,xgb[maps],28.94239616394043,25.973537216791854,40.05
60,SG_TO_MY,2026-09-25T13:00:00,39.93333333333334,xgb[maps],30.751352310180664,25.147214464791233,41.016666666666666
60,SG_TO_MY,2026-09-25T13:10:00,42.46666666666667,xgb[maps],33.688934326171875,24.565979736723442,40.94166666666666
60,SG_TO_MY,2026-09-25T13:20:00,34.81666666666666,xgb[maps],33.895084381103516,24.17713506445451,38.41666666666667
60,SG_TO_MY,2026-09-25T13:30:00,37.34166666666667,xgb[maps],33.55353927612305,23.915607669875463,38.275000000000006
60,SG_TO_MY,2026-09-25T13:40:00,36.24166666666667,xgb[maps],34.83024978637695,23.71308992962639,40.233333333333334
60,SG_TO_MY,2026-09-25T13:50:00,36.06666666666666,xgb[maps],39.0745849609375,23.50711389478545,43.66666666666667
60,SG_TO_MY,2026-09-25T14:00:00,33.458333333333336,xgb[maps],39.72108840942383,23.249011729593146,39.93333333333334
60,SG_TO_MY,2026-09-25T14:10:00,34.49166666666667,xgb[maps],37.46676254272461,22.90986557121578,42.46666666666667
60,SG_TO_MY,2026-09-25T14:20:00,35.775,xgb[maps],32.699153900146484,22.483803959304755,34.81666666666666
60,SG_TO_MY,2026-09-25T14:30:00,37.608333333333334,xgb[maps],34.3931770324707,21.98832624034587,37.34166666666667
60,SG_TO_MY,2026-09-25T14:40:00,34.858333333333334,xgb[maps],31.85993003845215,21.461692363661466,36.24166666666667
60,SG_TO_MY,2026-09-25T14:50:00,34.70833333333333,xgb[maps],33.138797760009766,20.95776107806643,36.06666666666666
60,SG_TO_MY,2026-09-25T15:00:00,36.425,xgb[maps],30.672313690185547,20.53895420840759,33.458333333333336
60,SG_TO_MY,2026-09-25T15:10:00,40.15833333333333,xgb[maps],29.570430755615234,20.268234374155096,34.49166666666667
60,SG_TO_MY,2026-09-25T15:20:00,38.675,xgb[maps],33.47035598754883,20.201084549055317,35.775
60,SG_TO_MY,2026-09-25T15:30:00,37.21666666666667,xgb[maps],37.1024284362793,20.378459709216003,37.608333333333334
60,SG_TO_MY,2026-09-25T15:40:00,32.975,xgb[maps],35.255859375,20.821547186573632,34.858333333333334
60,SG_TO_MY,2026-09-25T15:50:00,31.78333333333333,xgb[maps],34.31959533691406,21.528940632957287,34.70833333333333
60,SG_TO_MY,2026-09-25T16:00:00,33.275,xgb[maps],36.89714813232422,22.47653160497309,36.425
60,SG_TO_MY,2026-09-25T16:10:00,37.06666666666666,xgb[maps],40.14322280883789,23.620089560076583,40.15833333333333
60,SG_TO_MY,2026-09-25T16:20:00,37.725,xgb[maps],43.548370361328125,24.900175864555514,38.675
60,SG_TO_MY,2026-09-25T16:30:00,37.391666666666666,xgb[maps],41.96388626098633,26.248759257024158,37.21666666666667
60,SG_TO_MY,2026-09-25T16:40:00,37.63333333333333,xgb[maps],37.44612121582031,27.596702081605557,32.975
60,SG_TO_MY,2026-09-25T16:50:00,36.86666666666667,xgb[maps],32.978721618652344,28.881191586717986,31.78333333333333
60,SG_TO_MY,2026-09-25T17:00:00,36.583333333333336,xgb[maps],35.43825149536133,30.052209157567937,33.275
60,SG_TO_MY,2026-09-25T17:10:00,38.141666666666666,xgb[maps],38.599098205566406,31.077259222945514,37.06666666666666
60,SG_TO_MY,2026-09-25T17:20:00,38.88333333333333,xgb[maps],41.42097473144531,31.943802182992375,37.725
60,SG_TO_MY,2026-09-25T17:30:00,43.141666666666666,xgb[maps],40.20611572265625,32.65912428363404,37.391666666666666
60,SG_TO_MY,2026-09-25T17:40:00,45.266666666666666,xgb[maps],40.479827880859375,33.24769637499605,37.63333333333333
60,SG_TO_MY,2026-09-25T17:50:00,47.483333333333334,xgb[maps],37.87212371826172,33.746383944425844,36.86666666666667
60,SG_TO_MY,2026-09-25T18:00:00,53.625,xgb[maps],36.94229507446289,34.19813498792168,36.583333333333336
60,SG_TO_MY,2026-09-25T18:10:00,57.075,xgb[maps],37.549468994140625,34.64495826581661,38.141666666666666
60,SG_TO_MY,2026-09-25T18:20:00,53.46666666666667,xgb[maps],39.09073257446289,35.12108999817565,38.88333333333333
60,SG_TO_MY,2026-09-25T18:30:00,59.7,xgb[maps],38.18544006347656,35.64722208171462,43.141666666666666
60,SG_TO_MY,2026-09-25T18:40:00,56.641666666666666,xgb[maps],45.193634033203125,36.226532863579784,45.266666666666666
60,SG_TO_MY,2026-09-25T18:50:00,55.70833333333333,xgb[maps],43.13949966430664,36.843038749023705,47.483333333333334
60,SG_TO_MY,2026-09-25T19:00:00,55.36666666666667,xgb[maps],44.600196838378906,37.462498733177505,53.625
60,SG_TO_MY,2026-09-25T19:10:00,53.50833333333333,xgb[maps],50.1225471496582,38.03578920245329,57.075
60,SG_TO_MY,2026-09-25T19:20:00,53.81666666666667,xgb[maps],44.313350677490234,38.504361272052584,53.46666666666667
60,SG_TO_MY,2026-09-25T19:30:00,48.03333333333333,xgb[maps],44.21044921875,38.807134467693416,59.7
60,SG_TO_MY,2026-09-25T19:40:00,41.81666666666666,xgb[maps],43.41457748413086,38.887999958925526,56.641666666666666
60,SG_TO_MY,2026-09-25T19:50:00,39.900000000000006,xgb[maps],41.73261642456055,38.70302558321407,55.70833333333333
60,SG_TO_MY,2026-09-25T20:00:00,40.733333333333334,xgb[maps],44.79176712036133,38.2264832870294,55.36666666666667
60,SG_TO_MY,2026-09-25T20:10:00,39.20833333333333,xgb[maps],44.485416412353516,37.454953893139624,53.50833333333333
60,SG_TO_MY,2026-09-25T20:20:00,38.983333333333334,xgb[maps],42.15108871459961,36.40898810133707,53.81666666666667
60,SG_TO_MY,2026-09-25T20:30:00,34.358333333333334,xgb[maps],39.0601921081543,35.132089429457906,48.03333333333333
60,SG_TO_MY,2026-09-25T20:40:00,35.958333333333336,xgb[maps],35.93133544921875,33.68710002798602,41.81666666666666
60,SG_TO_MY,2026-09-25T20:50:00,32.46666666666667,xgb[maps],32.71186447143555,32.15037627343896,39.900000000000006
60,SG_TO_MY,2026-09-25T21:00:00,33.075,xgb[maps],33.23870086669922,30.604401309688697,40.733333333333334
60,SG_TO_MY,2026-09-25T21:10:00,30.383333333333333,xgb[maps],35.202945709228516,29.129665403694474,39.20833333333333
60,SG_TO_MY,2026-09-25T21:20:00,29.44166666666667,xgb[maps],36.043392181396484,27.796730523473897,38.983333333333334
60,SG_TO_MY,2026-09-25T21:30:00,30.683333333333334,xgb[maps],31.18326187133789,26.659373154888282,34.358333333333334
60,SG_TO_MY,2026-09-25T21:40:00,30.46666666666667,xgb[maps],34.10918426513672,25.7495721976215,35.958333333333336
60,SG_TO_MY,2026-09-25T21:50:00,29.525,xgb[maps],32.09272003173828,25.07489244457056,32.46666666666667
60,SG_TO_MY,2026-09-25T22:00:00,28.65,xgb[maps],31.766380310058594,24.61853481135333,33.075
60,SG_TO_MY,2026-09-25T22:10:00,25.549999999999997,xgb[maps],29.211057662963867,24.342015637559527,30.383333333333333
60,SG_TO_MY,2026-09-25T22:20:00,26.366666666666667,xgb[maps],26.54925537109375,24.190135796580496,29.44166666666667
60,SG_TO_MY,2026-09-25T22:30:00,25.775,xgb[maps],27.677776336669922,24.097641638784165,30.683333333333334
60,SG_TO_MY,2026-09-25T22:40:00,25.016666666666666,xgb[maps],26.14047622680664,23.996794148784858,30.46666666666667
60,SG_TO_MY,2026-09-25T22:50:00,23.95,xgb[maps],25.131114959716797,23.8249713190882,29.525
60,SG_TO_MY,2026-09-25T23:00:00,24.908333333333335,xgb[maps],23.006553649902344,23.531441357456913,28.65
60,SG_TO_MY,2026-09-25T23:10:00,25.333333333333332,xgb[maps],20.77464485168457,23.082558141506162,25.549999999999997
60,SG_TO_MY,2026-09-25T23:20:00,24.25,xgb[maps],20.744384765625,22.46483040886502,26.366666666666667
60,SG_TO_MY,2026-09-25T23:30:00,25.766666666666666,xgb[maps],20.93587875366211,21.685577439783522,25.775
60,SG_TO_MY,2026-09-25T23:40:00,25.458333333333336,xgb[maps],21.085142135620117,20.771174307804934,25.016666666666666
60,SG_TO_MY,2026-09-25T23:50:00,25.333333333333332,xgb[maps],21.388540267944336,19.763173894690688,23.95
60,SG_TO_MY,2026-09-26T00:00:00,23.616666666666667,xgb[maps],21.471586227416992,20.89677356595192,24.908333333333335
60,SG_TO_MY,2026-09-26T00:10:00,22.441666666666666,xgb[maps],20.834863662719727,21.168736440661192,25.333333333333332
60,SG_TO_MY,2026-09-26T00:20:00,22.833333333333336,xgb[maps],20.40749740600586,21.24908687053832,24.25
60,SG_TO_MY,2026-09-26T00:30:00,21.991666666666667,xgb[maps],20.767946243286133,21.105676619233968,25.766666666666666
60,SG_TO_MY,2026-09-26T00:40:00,22.425,xgb[maps],20.369054794311523,20.727379878196448,25.458333333333336
60,SG_TO_MY,2026-09-26T00:50:00,21.691666666666666,xgb[maps],20.256126403808594,20.124593004984188,25.333333333333332
60,SG_TO_MY,2026-09-26T01:00:00,21.116666666666667,xgb[maps],18.159912109375,19.327719954847993,23.616666666666667
60,SG_TO_MY,2026-09-26T01:10:00,22.566666666666666,xgb[maps],18.001392364501953,18.38357151655557,22.441666666666666
60,SG_TO_MY,2026-09-26T01:20:00,20.09166666666667,xgb[maps],18.300588607788086,17.351065291778593,22.833333333333336
60,SG_TO_MY,2026-09-26T01:30:00,16.641666666666666,xgb[maps],17.901466369628906,16.2950828978252,21.991666666666667
60,SG_TO_MY,2026-09-26T01:40:00,15.641666666666666,xgb[maps],18.38829231262207,15.280506336210697,22.425
60,SG_TO_MY,2026-09-26T01:50:00,15.141666666666666,xgb[maps],18.066707611083984,14.366383634764786,21.691666666666666
60,SG_TO_MY,2026-09-26T02:00:00,14.058333333333334,xgb[maps],17.612693786621094,13.600884545297415,21.116666666666667
60,SG_TO_MY,2026-09-26T02:10:00,13.258333333333333,xgb[maps],18.82038116455078,13.017496922332962,22.566666666666666
60,SG_TO_MY,2026-09-26T02:20:00,13.1,xgb[maps],17.577608108520508,12.63278032559698,20.09166666666667
60,SG_TO_MY,2026-09-26T02:30:00,14.366666666666667,xgb[maps],16.543378829956055,12.445834776477184,16.641666666666666
60,SG_TO_MY,2026-09-26T02:40:00,15.066666666666666,xgb[maps],16.165281295776367,12.439475358337111,15.641666666666666
60,SG_TO_MY,2026-09-26T02:50:00,15.116666666666667,xgb[maps],15.94126033782959,12.582943402536298,15.141666666666666
60,SG_TO_MY,2026-09-26T03:00:00,14.491666666666667,xgb[maps],14.88907527923584,12.835846792471607,14.058333333333334
60,SG_TO_MY,2026-09-26T03:10:00,14.025,xgb[maps],14.82962703704834,13.152917162202309,13.258333333333333
60,SG_TO_MY,2026-09-26T03:20:00,13.916666666666666,xgb[maps],14.607276916503906,13.489108531851267,13.1
60,SG_TO_MY,2026-09-26T03:30:00,14.316666666666666,xgb[maps],15.028352737426758,13.80454411433432,14.366666666666667
60,SG_TO_MY,2026-09-26T03:40:00,13.991666666666667,xgb[maps],15.73757266998291,14.068845295255837,15.066666666666666
60,SG_TO_MY,2026-09-26T03:50:00,14.933333333333334,xgb[maps],15.62212085723877,14.264444820392475,15.116666666666667
60,SG_TO_MY,2026-09-26T04:00:00,16.041666666666668,xgb[maps],15.214654922485352,14.38858738760182,14.491666666666667
60,SG_TO_MY,2026-09-26T04:10:00,16.75,xgb[maps],14.894998550415039,14.453845047747848,14.025
60,SG_TO_MY,2026-09-26T04:20:00,17.71666666666667,xgb[maps],14.901749610900879,14.487110558125224,13.916666666666666
60,SG_TO_MY,2026-09-26T04:30:00,18.025,xgb[maps],15.191665649414062,14.52716721497626,14.316666666666666
60,SG_TO_MY,2026-09-26T04:40:00,18.433333333333334,xgb[maps],15.324470520019531,14.621057457851833,13.991666666666667
60,SG_TO_MY,2026-09-26T04:50:00,18.2,xgb[maps],16.91802978515625,14.819574913166386,14.933333333333334
60,SG_TO_MY,2026-09-26T05:00:00,18.758333333333333,xgb[maps],18.127479553222656,15.172277906323924,16.041666666666668
60,SG_TO_MY,2026-09-26T05:10:00,19.825,xgb[maps],19.6374454498291,15.722461795948897,16.75
60,SG_TO_MY,2026-09-26T05:20:00,21.483333333333334,xgb[maps],20.64501953125,16.50253055080605,17.71666666666667
60,SG_TO_MY,2026-09-26T05:30:00,22.483333333333334,xgb[maps],23.19866371154785,17.53017537897334,18.025
60,SG_TO_MY,2026-09-26T05:40:00,22.19166666666667,xgb[maps],24.40346336364746,18.805703110007656,18.433333333333334
60,SG_TO_MY,2026-09-26T05:50:00,23.766666666666666,xgb[maps],24.817113876342773,20.310764857155306,18.2
60,SG_TO_MY,2026-09-26T06:00:00,28.008333333333333,xgb[maps],24.056745529174805,22.008623474452946,18.758333333333333
60,SG_TO_MY,2026-09-26T06:10:00,28.441666666666666,xgb[maps],25.07065773010254,23.845974961372832,19.825
60,SG_TO_MY,2026-09-26T06:20:00,31.81666666666667,xgb[maps],27.221595764160156,25.756213436684124,21.483333333333334
60,SG_TO_MY,2026-09-26T06:30:00,38.24166666666667,xgb[maps],33.33298110961914,27.663910896573412,22.483333333333334
60,SG_TO_MY,2026-09-26T06:40:00,36.75833333333333,xgb[maps],34.83223342895508,29.490180524203367,22.19166666666667
60,SG_TO_MY,2026-09-26T06:50:00,45.291666666666664,xgb[maps],36.404727935791016,31.158513661048133,23.766666666666666
60,SG_TO_MY,2026-09-26T07:00:00,47.93333333333334,xgb[maps],43.740562438964844,32.60063201454542,28.008333333333333
60,SG_TO_MY,2026-09-26T07:10:00,44.74166666666666,xgb[maps],43.02964401245117,33.761882650389495,28.441666666666666
60,SG_TO_MY,2026-09-26T07:20:00,40.2,xgb[maps],43.19462585449219,34.60572589087768,31.81666666666667
60,SG_TO_MY,2026-09-26T07:30:00,41.61666666666667,xgb[maps],43.16594696044922,35.11692495358268,38.24166666666667
60,SG_TO_MY,2026-09-26T07:40:00,42.791666666666664,xgb[maps],42.36386489868164,35.30313789277237,36.75833333333333
60,SG_TO_MY,2026-09-26T07:50:00,41.425,xgb[maps],45.63963317871094,35.19473140667801,45.291666666666664
60,SG_TO_MY,2026-09-26T08:00:00,43.95,xgb[maps],45.290321350097656,34.84277421789187,47.93333333333334
60,SG_TO_MY,2026-09-26T08:10:00,49.375,xgb[maps],46.45598220825195,34.315314936894126,44.74166666666666
60,SG_TO_MY,2026-09-26T08:20:00,50.15,xgb[maps],43.35423278808594,33.69219416549543,40.2
60,SG_TO_MY,2026-09-26T08:30:00,47.63333333333333,xgb[maps],45.27427291870117,33.05877114465609,41.61666666666667
60,SG_TO_MY,2026-09-26T08:40:00,45.55,xgb[maps],45.50551986694336,32.499049959396935,42.791666666666664
60,SG_TO_MY,2026-09-26T08:50:00,41.25,xgb[maps],43.62244415283203,32.08875904229087,41.425
60,SG_TO_MY,2026-09-26T09:00:00,47.150000000000006,xgb[maps],44.341251373291016,31.88896270655003,43.95
60,SG_TO_MY,2026-09-26T09:10:00,47.69166666666666,xgb[maps],46.345394134521484,31.94076017867198,49.375
60,SG_TO_MY,2026-09-26T09:20:00,43.775,xgb[maps],46.0445442199707,32.26155548530376,50.15
60,SG_TO_MY,2026-09-26T09:30:00,38.94166666666666,xgb[maps],39.28963088989258,32.84326424520609,47.63333333333333
60,SG_TO_MY,2026-09-26T09:40:00,38.733333333333334,xgb[maps],39.8832893371582,33.65266885594789,45.55
60,SG_TO_MY,2026-09-26T09:50:00,44.13333333333333,xgb[maps],44.167808532714844,34.633953533898094,41.25
60,SG_TO_MY,2026-09-26T10:00:00,49.608333333333334,xgb[maps],43.88901138305664,35.71325999687505,47.150000000000006
60,SG_TO_MY,2026-09-26T10:10:00,48.599999999999994,xgb[maps],45.93201446533203,36.80491997338993,47.69166666666666
60,SG_TO_MY,2026-09-26T10:20:00,48.175,xgb[maps],44.40530014038086,37.81885930389652,43.775
60,SG_TO_MY,2026-09-26T10:30:00,48.125,xgb[maps],43.87852096557617,38.66854611089772,38.94166666666666
60,SG_TO_MY,2026-09-26T10:40:00,53.74166666666667,xgb[maps],45.5157470703125,39.27878551630429,38.733333333333334
60,SG_TO_MY,2026-09-26T10:50:00,54.141666666666666,xgb[maps],46.83592224121094,39.59265461244814,44.13333333333333
60,SG_TO_MY,2026-09-26T11:00:00,50.05,xgb[maps],48.41441345214844,39.57692744112042,49.608333333333334
60,SG_TO_MY,2026-09-26T11:10:00,47.583333333333336,xgb[maps],46.507259368896484,39.22545819435054,48.599999999999994
60,SG_TO_MY,2026-09-26T11:20:00,50.0,xgb[maps],44.42335510253906,38.56016321069312,48.175
60,SG_TO_MY,2026-09-26T11:30:00,48.958333333333336,xgb[maps],42.838802337646484,37.6294544950361,48.125
60,SG_TO_MY,2026-09-26T11:40:00,45.608333333333334,xgb[maps],41.50104522705078,36.504210834377034,53.74166666666667
60,SG_TO_MY,2026-09-26T11:50:00,42.90833333333333,xgb[maps],41.60188293457031,35.2716056276615,54.141666666666666
60,SG_TO_MY,2026-09-26T12:00:00,47.525,xgb[maps],40.423946380615234,34.027320910263114,50.05
60,SG_TO_MY,2026-09-26T12:10:00,44.75,xgb[maps],37.645633697509766,32.86684363466675,47.583333333333336
60,SG_TO_MY,2026-09-26T12:20:00,43.775,xgb[maps],39.483821868896484,31.87664541359081,50.0
60,SG_TO_MY,2026-09-26T12:30:00,40.733333333333334,xgb[maps],36.2183837890625,31.12607833772831,48.958333333333336
60,SG_TO_MY,2026-09-26T12:40:00,37.28333333333333,xgb[maps],35.10173797607422,30.660771647711773,45.608333333333334
60,SG_TO_MY,2026-09-26T12:50:00,35.733333333333334,xgb[maps],36.47551727294922,30.498189091811746,42.90833333333333
60,SG_TO_MY,2026-09-26T13:00:00,34.04166666666667,xgb[maps],38.0163688659668,30.625814560120556,47.525
60,SG_TO_MY,2026-09-26T13:10:00,32.475,xgb[maps],35.516754150390625,31.00219086991742,44.75
60,SG_TO_MY,2026-09-26T13:20:00,31.641666666666666,xgb[maps],36.15886688232422,31.56076575119628,43.775
60,SG_TO_MY,2026-09-26T13:30:00,32.225,xgb[maps],37.51436233520508,32.216225994309994,40.733333333333334
60,SG_TO_MY,2026-09-26T13:40:00,34.125,xgb[maps],37.55636978149414,32.87275221103623,37.28333333333333
60,SG_TO_MY,2026-09-26T13:50:00,34.2,xgb[maps],35.816192626953125,33.433427875828514,35.733333333333334
60,SG_TO_MY,2026-09-26T14:00:00,35.13333333333333,xgb[maps],35.438941955566406,33.80990812782528,34.04166666666667
60,SG_TO_MY,2026-09-26T14:10:00,35.95833333333333,xgb[maps],35.33146286010742,33.93141059113309,32.475
60,SG_TO_MY,2026-09-26T14:20:00,40.766666666666666,xgb[maps],33.25456237792969,33.75213844035129,31.641666666666666
60,SG_TO_MY,2026-09-26T14:30:00,35.06666666666666,xgb[maps],33.275577545166016,33.256382354889325,32.225
60,SG_TO_MY,2026-09-26T14:40:00,35.30833333333334,xgb[maps],34.36783218383789,32.460761207455036,34.125
60,SG_TO_MY,2026-09-26T14:50:00,37.44166666666666,xgb[maps],34.70269012451172,31.413331714150914,34.2
60,SG_TO_MY,2026-09-26T15:00:00,35.36666666666666,xgb[maps],36.25830841064453,30.189599098128387,35.13333333333333
60,SG_TO_MY,2026-09-26T15:10:00,37.108333333333334,xgb[maps],37.67061996459961,28.88576469444627,35.95833333333333
60,SG_TO_MY,2026-09-26T15:20:00,35.475,xgb[maps],40.14040756225586,27.609822211805106,40.766666666666666
60,SG_TO_MY,2026-09-26T15:30:00,34.44166666666666,xgb[maps],35.825565338134766,26.471334220919157,35.06666666666666
60,SG_TO_MY,2026-09-26T15:40:00,34.04166666666667,xgb[maps],36.65156173706055,25.57086166763219,35.30833333333334
60,SG_TO_MY,2026-09-26T15:50:00,33.81666666666666,xgb[maps],40.180885314941406,24.990066657731152,37.44166666666666
60,SG_TO_MY,2026-09-26T16:00:00,33.84166666666667,xgb[maps],40.1282844543457,24.78345646415927,35.36666666666666
60,SG_TO_MY,2026-09-26T16:10:00,35.69166666666666,xgb[maps],43.0843620300293,24.972588622300144,37.108333333333334
60,SG_TO_MY,2026-09-26T16:20:00,35.63333333333334,xgb[maps],41.858924865722656,25.543326711306705,35.475
60,SG_TO_MY,2026-09-26T16:30:00,35.150000000000006,xgb[maps],39.31758499145508,26.446445961234247,34.44166666666666
60,SG_TO_MY,2026-09-26T16:40:00,38.983333333333334,xgb[maps],41.29457092285156,27.601565418219337,34.04166666666667
60,SG_TO_MY,2026-09-26T16:50:00,41.974999999999994,xgb[maps],38.94597625732422,28.904060734307365,33.81666666666666
60,SG_TO_MY,2026-09-26T17:00:00,40.224999999999994,xgb[maps],38.541282653808594,30.234320687456524,33.84166666666667
60,SG_TO_MY,2026-09-26T17:10:00,39.65833333333333,xgb[maps],43.47054672241211,31.468480282295634,35.69166666666666
60,SG_TO_MY,2026-09-26T17:20:00,43.3,xgb[maps],41.848243713378906,32.4896168207868,35.63333333333334
60,SG_TO_MY,2026-09-26T17:30:00,41.66666666666667,xgb[maps],41.38091278076172,33.19834747095925,35.150000000000006
60,SG_TO_MY,2026-09-26T17:40:00,39.975,xgb[maps],44.226375579833984,33.52182259608421,38.983333333333334
60,SG_TO_MY,2026-09-26T17:50:00,38.61666666666667,xgb[maps],40.87340545654297,33.42026308371073,41.974999999999994
60,SG_TO_MY,2026-09-26T18:00:00,37.525,xgb[maps],40.8939094543457,32.890426955181404,40.224999999999994
60,SG_TO_MY,2026-09-26T18:10:00,38.95,xgb[maps],39.34375,31.96568716186933,39.65833333333333
60,SG_TO_MY,2026-09-26T18:20:00,37.50833333333333,xgb[maps],39.32072067260742,30.712729277638452,43.3
60,SG_TO_MY,2026-09-26T18:30:00,37.7,xgb[maps],39.43455123901367,29.22520242213075,41.66666666666667
60,SG_TO_MY,2026-09-26T18:40:00,36.24166666666667,xgb[maps],37.57500076293945,27.61494716609317,39.975
60,SG_TO_MY,2026-09-26T18:50:00,35.275000000000006,xgb[maps],36.617427825927734,26.001651905967435,38.61666666666667
60,SG_TO_MY,2026-09-26T19:00:00,34.95,xgb[maps],34.52953338623047,24.501932194264562,37.525
60,SG_TO_MY,2026-09-26T19:10:00,36.54166666666667,xgb[maps],38.27664566040039,23.218872324423018,38.95
60,SG_TO_MY,2026-09-26T19:20:00,34.625,xgb[maps],36.65519714355469,22.23301154836976,37.50833333333333
60,SG_TO_MY,2026-09-26T19:30:00,33.016666666666666,xgb[maps],37.198360443115234,21.59560529134079,37.7
60,SG_TO_MY,2026-09-26T19:40:00,30.225,xgb[maps],38.27705001831055,21.32476068550384,36.24166666666667
60,SG_TO_MY,2026-09-26T19:50:00,29.40833333333333,xgb[maps],34.581504821777344,21.404759445102577,35.275000000000006
60,SG_TO_MY,2026-09-26T20:00:00,26.93333333333333,xgb[maps],34.778438568115234,21.788568551077905,34.95
60,SG_TO_MY,2026-09-26T20:10:00,28.891666666666666,xgb[maps],36.755977630615234,22.403231640101854,36.54166666666667
60,SG_TO_MY,2026-09-26T20:20:00,26.441666666666666,xgb[maps],35.50766372680664,23.157561696881437,34.625
60,SG_TO_MY,2026-09-26T20:30:00,27.84166666666667,xgb[maps],33.9307861328125,23.95134493988592,33.016666666666666
60,SG_TO_MY,2026-09-26T20:40:00,25.34166666666667,xgb[maps],29.936363220214844,24.68513640205369,30.225
60,SG_TO_MY,2026-09-26T20:50:00,24.325000000000003,xgb[maps],27.368322372436523,25.269690911458714,29.40833333333333
60,SG_TO_MY,2026-09-26T21:00:00,24.975,xgb[maps],27.420991897583008,25.634130793010154,26.93333333333333
60,SG_TO_MY,2026-09-26T21:10:00,24.166666666666664,xgb[maps],28.078205108642578,25.732095999924276,28.891666666666666
60,SG_TO_MY,2026-09-26T21:20:00,22.591666666666665,xgb[maps],26.411577224731445,25.54533739351107,26.441666666666666
60,SG_TO_MY,2026-09-26T21:30:00,21.275,xgb[maps],26.9110107421875,25.084476665369454,27.84166666666667
60,SG_TO_MY,2026-09-26T21:40:00,22.641666666666666,xgb[maps],24.486957550048828,24.386939821488706,25.34166666666667
60,SG_TO_MY,2026-09-26T21:50:00,21.59166666666667,xgb[maps],24.584381103515625,23.512346676107786,24.325000000000003
60,SG_TO_MY,2026-09-26T22:00:00,22.525,xgb[maps],24.414506912231445,22.535879366998525,24.975
60,SG_TO_MY,2026-09-26T22:10:00,21.866666666666667,xgb[maps],23.58136749267578,21.540335606315622,24.166666666666664
60,SG_TO_MY,2026-09-26T22:20:00,21.866666666666667,xgb[maps],21.741714477539062,20.607680696949885,22.591666666666665
60,SG_TO_MY,2026-09-26T22:30:00,20.200000000000003,xgb[maps],20.36780548095703,19.8109376158341,21.275
60,SG_TO_MY,2026-09-26T22:40:00,19.833333333333332,xgb[maps],21.21928596496582,19.207196559506144,22.641666666666666
60,SG_TO_MY,2026-09-26T22:50:00,21.266666666666666,xgb[maps],19.751523971557617,18.832392426270516,21.59166666666667
60,SG_TO_MY,2026-09-26T23:00:00,21.925,xgb[maps],20.93389129638672,18.698306168462487,22.525
60,SG_TO_MY,2026-09-26T23:10:00,22.65,xgb[maps],20.354887008666992,18.792014648176693,21.866666666666667
60,SG_TO_MY,2026-09-26T23:20:00,21.983333333333334,xgb[maps],19.731828689575195,19.077767630322604,21.866666666666667
60,SG_TO_MY,2026-09-26T23:30:00,21.875,xgb[maps],19.5028133392334,19.501034589445677,20.200000000000003
60,SG_TO_MY,2026-09-26T23:40:00,21.541666666666664,xgb[maps],19.219234466552734,19.99426101098538,19.833333333333332
60,SG_TO_MY,2026-09-26T23:50:00,22.2,xgb[maps],19.225412368774414,20.48372269827114,21.266666666666666
60,SG_TO_MY,2026-09-27T00:00:00,21.125,xgb[maps],19.284637451171875,20.896780319677465,21.925
60,SG_TO_MY,2026-09-27T00:10:00,23.28333333333333,xgb[maps],20.115331649780273,21.16882121917762,22.65
60,SG_TO_MY,2026-09-27T00:20:00,21.275,xgb[maps],19.083099365234375,21.24923029078522,21.983333333333334
60,SG_TO_MY,2026-09-27T00:30:00,20.691666666666666,xgb[maps],18.912208557128906,21.105848542018755,21.875
60,SG_TO_MY,2026-09-27T00:40:00,19.858333333333334,xgb[maps],18.473039627075195,20.727543100169388,21.541666666666664
60,SG_TO_MY,2026-09-27T00:50:00,18.008333333333333,xgb[maps],18.983081817626953,20.12470790184556,22.2
60,MY_TO_SG,2026-09-24T01:00:00,14.8,xgb[maps],14.391950607299805,17.869821071845802,15.708333333333332
60,MY_TO_SG,2026-09-24T01:10:00,14.508333333333333,xgb[maps],14.422492027282715,17.473222510950183,15.483333333333334
60,MY_TO_SG,2026-09-24T01:20:00,14.341666666666667,xgb[maps],14.462401390075684,17.118636849643764,15.225000000000001
60,MY_TO_SG,2026-09-24T01:30:00,14.508333333333333,xgb[maps],14.436498641967773,16.813601759540205,14.941666666666666
60,MY_TO_SG,2026-09-24T01:40:00,14.8,xgb[maps],14.614996910095215,16.562196996865683,15.25
60,MY_TO_SG,2026-09-24T01:50:00,14.816666666666666,xgb[maps],14.714279174804688,16.36434087724054,15.333333333333332
60,MY_TO_SG,2026-09-24T02:00:00,14.350000000000001,xgb[maps],14.778748512268066,16.215581021556282,14.8
60,MY_TO_SG,2026-09-24T02:10:00,14.258333333333333,xgb[maps],14.852538108825684,16.107416353690695,14.508333333333333
60,MY_TO_SG,2026-09-24T02:20:00,14.591666666666665,xgb[maps],14.992353439331055,16.028132868201784,14.341666666666667
60,MY_TO_SG,2026-09-24T02:30:00,15.125,xgb[maps],14.540371894836426,15.964082978253494,14.508333333333333
60,MY_TO_SG,2026-09-24T02:40:00,14.875,xgb[maps],14.823990821838379,15.901292091872588,14.8
60,MY_TO_SG,2026-09-24T02:50:00,14.591666666666667,xgb[maps],15.118406295776367,15.827240558663838,14.816666666666666
60,MY_TO_SG,2026-09-24T03:00:00,14.075,xgb[maps],15.118406295776367,15.732647387295032,14.350000000000001
60,MY_TO_SG,2026-09-24T03:10:00,13.991666666666667,xgb[maps],14.823990821838379,15.613076035895276,14.258333333333333
60,MY_TO_SG,2026-09-24T03:20:00,14.466666666666667,xgb[maps],14.823990821838379,15.470192655497799,14.591666666666665
60,MY_TO_SG,2026-09-24T03:30:00,14.691666666666666,xgb[maps],15.118406295776367,15.312532597873938,15.125
60,MY_TO_SG,2026-09-24T03:40:00,14.008333333333333,xgb[maps],15.101591110229492,15.155669701017505,14.875
60,MY_TO_SG,2026-09-24T03:50:00,14.033333333333335,xgb[maps],15.140360832214355,15.021731683519919,14.591666666666667
60,MY_TO_SG,2026-09-24T04:00:00,14.033333333333333,xgb[maps],14.977771759033203,14.938259947728849,14.075
60,MY_TO_SG,2026-09-24T04:10:00,13.883333333333333,xgb[maps],14.929970741271973,14.936468748582401,13.991666666666667
60,MY_TO_SG,2026-09-24T04:20:00,14.7,xgb[maps],15.087769508361816,15.049012414331495,14.466666666666667
60,MY_TO_SG,2026-09-24T04:30:00,14.575,xgb[maps],15.087769508361816,15.307415686353576,14.691666666666666
60,MY_TO_SG,2026-09-24T04:40:00,15.341666666666667,xgb[maps],15.100918769836426,15.739357384845992,14.008333333333333
60,MY_TO_SG,2026-09-24T04:50:00,16.608333333333334,xgb[maps],16.151466369628906,16.36601843417293,14.033333333333335
60,MY_TO_SG,2026-09-24T05:00:00,17.483333333333334,xgb[maps],17.292631149291992,17.199709784584755,14.033333333333333
60,MY_TO_SG,2026-09-24T05:10:00,18.475,xgb[maps],17.38888168334961,18.24198316023704,13.883333333333333
60,MY_TO_SG,2026-09-24T05:20:00,19.675,xgb[maps],18.419342041015625,19.482398369330383,14.7
60,MY_TO_SG,2026-09-24T05:30:00,20.641666666666666,xgb[maps],19.80531883239746,20.898076952625864,14.575
60,MY_TO_SG,2026-09-24T05:40:00,21.083333333333336,xgb[maps],20.508657455444336,22.454116240599546,15.341666666666667
60,MY_TO_SG,2026-09-24T05:50:00,21.28333333333333,xgb[maps],22.51478385925293,24.104874460467787,16.608333333333334
60,MY_TO_SG,2026-09-24T06:00:00,22.25,xgb[maps],23.228761672973633,25.79607113553324,17.483333333333334
60,MY_TO_SG,2026-09-24T06:10:00,24.025,xgb[maps],24.836034774780273,27.467582793000503,18.475
60,MY_TO_SG,2026-09-24T06:20:00,26.9,xgb[maps],26.56983757019043,29.056757087342497,19.675
60,MY_TO_SG,2026-09-24T06:30:00,27.441666666666666,xgb[maps],29.44618034362793,30.50202359611946,20.641666666666666
60,MY_TO_SG,2026-09-24T06:40:00,29.858333333333334,xgb[maps],30.286102294921875,31.746550697762814,21.083333333333336
60,MY_TO_SG,2026-09-24T06:50:00,31.275,xgb[maps],30.221267700195312,32.741687890768205,21.28333333333333
60,MY_TO_SG,2026-09-24T07:00:00,35.575,xgb[maps],31.0208797454834,33.44994302915578,22.25
60,MY_TO_SG,2026-09-24T07:10:00,37.61666666666667,xgb[maps],30.90850067138672,33.84727399753008,24.025
60,MY_TO_SG,2026-09-24T07:20:00,33.766666666666666,xgb[maps],33.49150848388672,33.92452244808171,26.9
60,MY_TO_SG,2026-09-24T07:30:00,31.933333333333334,xgb[maps],31.796714782714844,33.68787992678713,27.441666666666666
60,MY_TO_SG,2026-09-24T07:40:00,29.525,xgb[maps],31.18131446838379,33.15834924727838,29.858333333333334
60,MY_TO_SG,2026-09-24T07:50:00,31.158333333333335,xgb[maps],31.008098602294922,32.37024056911782,31.275
60,MY_TO_SG,2026-09-24T08:00:00,28.65833333333333,xgb[maps],32.55009841918945,31.368816023468987,35.575
60,MY_TO_SG,2026-09-24T08:10:00,25.924999999999997,xgb[maps],33.05375289916992,30.207262633623962,37.61666666666667
60,MY_TO_SG,2026-09-24T08:20:00,26.983333333333334,xgb[maps],31.04650115966797,28.94322499387608,33.766666666666666
60,MY_TO_SG,2026-09-24T08:30:00,29.125,xgb[maps],29.625511169433594,27.635162082888648,31.933333333333334
60,MY_TO_SG,2026-09-24T08:40:00,24.758333333333333,xgb[maps],22.61854362487793,26.338803626168126,29.525
60,MY_TO_SG,2026-09-24T08:50:00,22.725,xgb[maps],21.696889877319336,25.103969388925464,31.158333333333335
60,MY_TO_SG,2026-09-24T09:00:00,22.375,xgb[maps],20.086687088012695,23.971980519336302,28.65833333333333
60,MY_TO_SG,2026-09-24T09:10:00,22.608333333333334,xgb[maps],19.862855911254883,22.973838441115866,25.924999999999997
60,MY_TO_SG,2026-09-24T09:20:00,21.725,xgb[maps],23.29481315612793,22.12927849617774,26.983333333333334
60,MY_TO_SG,2026-09-24T09:30:00,21.15,xgb[maps],24.679800033569336,21.446728669676943,29.125
60,MY_TO_SG,2026-09-24T09:40:00,20.983333333333334,xgb[maps],23.188295364379883,20.92412528021991,24.758333333333333
60,MY_TO_SG,2026-09-24T09:50:00,20.65833333333333,xgb[maps],22.476016998291016,20.55046471408078,22.725
60,MY_TO_SG,2026-09-24T10:00:00,20.625,xgb[maps],23.345016479492188,20.307909898701126,22.375
60,MY_TO_SG,2026-09-24T10:10:00,19.058333333333334,xgb[maps],23.537996292114258,20.17422790440408,22.608333333333334
60,MY_TO_SG,2026-09-24T10:20:00,19.56666666666667,xgb[maps],21.778837203979492,20.125314797551617,21.725
60,MY_TO_SG,2026-09-24T10:30:00,19.166666666666668,xgb[maps],21.187685012817383,20.13756748988433,21.15
60,MY_TO_SG,2026-09-24T10:40:00,19.116666666666667,xgb[maps],21.085081100463867,20.189889343973043,20.983333333333334
60,MY_TO_SG,2026-09-24T10:50:00,18.725,xgb[maps],20.900964736938477,20.26516387638143,20.65833333333333
60,MY_TO_SG,2026-09-24T11:00:00,18.516666666666666,xgb[maps],21.260406494140625,20.351094130402828,20.625
60,MY_TO_SG,2026-09-24T11:10:00,19.575000000000003,xgb[maps],20.28746223449707,20.440377622598696,19.058333333333334
60,MY_TO_SG,2026-09-24T11:20:00,19.28333333333333,xgb[maps],20.388647079467773,20.530260667069868,19.56666666666667
60,MY_TO_SG,2026-09-24T11:30:00,19.725,xgb[maps],20.463130950927734,20.621583583126586,19.166666666666668
60,MY_TO_SG,2026-09-24T11:40:00,20.075000000000003,xgb[maps],20.64654541015625,20.717482599865555,19.116666666666667
60,MY_TO_SG,2026-09-24T11:50:00,19.65833333333333,xgb[maps],20.627595901489258,20.821949318636747,18.725
60,MY_TO_SG,2026-09-24T12:00:00,21.21666666666667,xgb[maps],20.548921585083008,20.93846048418445,18.516666666666666
60,MY_TO_SG,2026-09-24T12:10:00,18.975,xgb[maps],20.791706085205078,21.06887806829585,19.575000000000003
60,MY_TO_SG,2026-09-24T12:20:00,20.90833333333333,xgb[maps],20.85932159423828,21.212783431270847,19.28333333333333
60,MY_TO_SG,2026-09-24T12:30:00,19.85,xgb[maps],20.275222778320312,21.367353300665464,19.725
60,MY_TO_SG,2026-09-24T12:40:00,20.2,xgb[maps],20.606605529785156,21.52781541991567,20.075000000000003
60,MY_TO_SG,2026-09-24T12:50:00,20.366666666666667,xgb[maps],20.19544792175293,21.68844553982929,19.65833333333333
60,MY_TO_SG,2026-09-24T13:00:00,19.891666666666666,xgb[maps],21.001750946044922,21.843993394783546,21.21666666666667
60,MY_TO_SG,2026-09-24T13:10:00,19.46666666666667,xgb[maps],20.320629119873047,21.99136185599639,18.975
60,MY_TO_SG,2026-09-24T13:20:00,19.425,xgb[maps],20.784870147705078,22.131318108531154,20.90833333333333
60,MY_TO_SG,2026-09-24T13:30:00,18.791666666666668,xgb[maps],20.680553436279297,22.26999423747016,19.85
60,MY_TO_SG,2026-09-24T13:40:00,19.433333333333334,xgb[maps],20.78956413269043,22.419940403590545,20.2
60,MY_TO_SG,2026-09-24T13:50:00,19.35,xgb[maps],21.321971893310547,22.60052737192423,20.366666666666667
60,MY_TO_SG,2026-09-24T14:00:00,19.34166666666667,xgb[maps],20.9210147857666,22.837554078336726,19.891666666666666
60,MY_TO_SG,2026-09-24T14:10:00,18.84166666666667,xgb[maps],20.634784698486328,23.161994917794743,19.46666666666667
60,MY_TO_SG,2026-09-24T14:20:00,18.791666666666668,xgb[maps],20.88749122619629,23.607912908741014,19.425
60,MY_TO_SG,2026-09-24T14:30:00,19.583333333333336,xgb[maps],20.80402374267578,24.209659612345835,18.791666666666668
60,MY_TO_SG,2026-09-24T14:40:00,20.508333333333333,xgb[maps],21.097412109375,24.998570747977205,19.433333333333334
60,MY_TO_SG,2026-09-24T14:50:00,20.008333333333333,xgb[maps],21.690181732177734,25.999438249225054,19.35
60,MY_TO_SG,2026-09-24T15:00:00,20.458333333333336,xgb[maps],22.054513931274414,27.22708677583022,19.34166666666667
60,MY_TO_SG,2026-09-24T15:10:00,21.325,xgb[maps],22.133909225463867,28.683399385082545,18.84166666666667
60,MY_TO_SG,2026-09-24T15:20:00,22.383333333333333,xgb[maps],21.923398971557617,30.355120031468022,18.791666666666668
60,MY_TO_SG,2026-09-24T15:30:00,21.758333333333333,xgb[maps],23.845176696777344,32.21270998216559,19.583333333333336
60,MY_TO_SG,2026-09-24T15:40:00,22.625,xgb[maps],26.298532485961914,34.210454677486375,20.508333333333333
60,MY_TO_SG,2026-09-24T15:50:00,21.59166666666667,xgb[maps],26.35975456237793,36.287913721943895,20.008333333333333
60,MY_TO_SG,2026-09-24T16:00:00,20.35,xgb[maps],27.29067039489746,38.372688786587915,20.458333333333336
60,MY_TO_SG,2026-09-24T16:10:00,20.608333333333334,xgb[maps],27.43815803527832,40.38436312950475,21.325
60,MY_TO_SG,2026-09-24T16:20:00,22.208333333333336,xgb[maps],30.39654541015625,42.23935371555906,22.383333333333333
60,MY_TO_SG,2026-09-24T16:30:00,24.616666666666667,xgb[maps],31.5205020904541,43.85632355102204,21.758333333333333
60,MY_TO_SG,2026-09-24T16:40:00,33.63333333333333,xgb[maps],32.51311492919922,45.16173725604884,22.625
60,MY_TO_SG,2026-09-24T16:50:00,37.63333333333333,xgb[maps],30.093053817749023,46.0951139369686,21.59166666666667
60,MY_TO_SG,2026-09-24T17:00:00,41.233333333333334,xgb[maps],27.434188842773438,46.61354168369296,20.35
60,MY_TO_SG,2026-09-24T17:10:00,37.54166666666667,xgb[maps],28.648624420166016,46.69506743326697,20.608333333333334
60,MY_TO_SG,2026-09-24T17:20:00,33.45833333333333,xgb[maps],30.84395980834961,46.340660730809475,22.208333333333336
60,MY_TO_SG,2026-09-24T17:30:00,38.34166666666667,xgb[maps],33.0225715637207,45.57456292260756,24.616666666666667
60,MY_TO_SG,2026-09-24T17:40:00,32.84166666666667,xgb[maps],39.74589920043945,44.44296464472721,33.63333333333333
60,MY_TO_SG,2026-09-24T17:50:00,37.43333333333334,xgb[maps],37.13677978515625,43.011092435295716,37.63333333333333
60,MY_TO_SG,2026-09-24T18:00:00,34.483333333333334,xgb[maps],34.31272888183594,41.358917515293314,41.233333333333334
60,MY_TO_SG,2026-09-24T18:10:00,32.65,xgb[maps],36.63243865966797,39.575814346618714,37.54166666666667
60,MY_TO_SG,2026-09-24T18:20:00,31.733333333333334,xgb[maps],34.498165130615234,37.754583191315135,33.45833333333333
60,MY_TO_SG,2026-09-24T18:30:00,31.158333333333335,xgb[maps],30.807674407958984,35.98530184648466,38.34166666666667
60,MY_TO_SG,2026-09-24T18:40:00,29.1,xgb[maps],28.766857147216797,34.34948259992569,32.84166666666667
60,MY_TO_SG,2026-09-24T18:50:00,27.8,xgb[maps],29.873769760131836,32.91498052466456,37.43333333333334
60,MY_TO_SG,2026-09-24T19:00:00,24.241666666666667,xgb[maps],32.098907470703125,31.732031527782556,34.483333333333334
60,MY_TO_SG,2026-09-24T19:10:00,25.233333333333334,xgb[maps],26.952802658081055,30.83069953190941,32.65
60,MY_TO_SG,2026-09-24T19:20:00,25.25,xgb[maps],29.336776733398438,30.219891015689413,31.733333333333334
60,MY_TO_SG,2026-09-24T19:30:00,25.041666666666664,xgb[maps],25.57117462158203,29.88796296921599,31.158333333333335
60,MY_TO_SG,2026-09-24T19:40:00,25.491666666666667,xgb[maps],25.741100311279297,29.804819039921487,29.1
60,MY_TO_SG,2026-09-24T19:50:00,26.15,xgb[maps],24.4403018951416,29.925269846767502,27.8
60,MY_TO_SG,2026-09-24T20:00:00,25.325000000000003,xgb[maps],24.261171340942383,30.193337328181585,24.241666666666667
60,MY_TO_SG,2026-09-24T20:10:00,23.78333333333333,xgb[maps],25.98983383178711,30.547117452071678,25.233333333333334
60,MY_TO_SG,2026-09-24T20:20:00,23.5,xgb[maps],26.684709548950195,30.923785550836577,25.25
60,MY_TO_SG,2026-09-24T20:30:00,22.59166666666667,xgb[maps],27.639144897460938,31.264335473197406,25.041666666666664
60,MY_TO_SG,2026-09-24T20:40:00,22.03333333333333,xgb[maps],28.77884292602539,31.517685767347153,25.491666666666667
60,MY_TO_SG,2026-09-24T20:50:00,21.366666666666667,xgb[maps],28.378131866455078,31.643858180465664,26.15
60,MY_TO_SG,2026-09-24T21:00:00,20.558333333333334,xgb[maps],28.587430953979492,31.616028256100257,25.325000000000003
60,MY_TO_SG,2026-09-24T21:10:00,20.983333333333334,xgb[maps],25.828556060791016,31.421355332435954,23.78333333333333
60,MY_TO_SG,2026-09-24T21:20:00,20.674999999999997,xgb[maps],24.70581817626953,31.06060955248227,23.5
60,MY_TO_SG,2026-09-24T21:30:00,19.833333333333332,xgb[maps],24.098703384399414,30.546716504616413,22.59166666666667
60,MY_TO_SG,2026-09-24T21:40:00,19.85,xgb[maps],23.097354888916016,29.902426823301987,22.03333333333333
60,MY_TO_SG,2026-09-24T21:50:00,18.78333333333333,xgb[maps],21.34592628479004,29.157381392931,21.366666666666667
60,MY_TO_SG,2026-09-24T22:00:00,18.641666666666666,xgb[maps],21.218191146850586,28.34487809417185,20.558333333333334
60,MY_TO_SG,2026-09-24T22:10:00,18.541666666666664,xgb[maps],20.52288246154785,27.49865150753597,20.983333333333334
60,MY_TO_SG,2026-09-24T22:20:00,17.041666666666664,xgb[maps],20.015653610229492,26.64995370095386,20.674999999999997
60,MY_TO_SG,2026-09-24T22:30:00,16.683333333333334,xgb[maps],19.15121841430664,25.82517586999449,19.833333333333332
60,MY_TO_SG,2026-09-24T22:40:00,17.65833333333333,xgb[maps],18.364675521850586,25.044183030251066,19.85
60,MY_TO_SG,2026-09-24T22:50:00,17.44166666666667,xgb[maps],17.63168716430664,24.319454551949093,18.78333333333333
60,MY_TO_SG,2026-09-24T23:00:00,16.108333333333334,xgb[maps],17.514633178710938,23.656040189479224,18.641666666666666
60,MY_TO_SG,2026-09-24T23:10:00,15.466666666666667,xgb[maps],17.427743911743164,23.052262443270887,18.541666666666664
60,MY_TO_SG,2026-09-24T23:20:00,16.616666666666667,xgb[maps],16.737960815429688,22.50102882550772,17.041666666666664
60,MY_TO_SG,2026-09-24T23:30:00,16.491666666666667,xgb[maps],16.641693115234375,21.991567644582894,16.683333333333334
60,MY_TO_SG,2026-09-24T23:40:00,16.35,xgb[maps],16.74769401550293,21.511372095415094,17.65833333333333
60,MY_TO_SG,2026-09-24T23:50:00,16.116666666666667,xgb[maps],16.580101013183594,21.048131358363396,17.44166666666667
60,MY_TO_SG,2026-09-25T00:00:00,14.891666666666666,xgb[maps],15.824443817138672,20.591443436544974,16.108333333333334
60,MY_TO_SG,2026-09-25T00:10:00,14.983333333333334,xgb[maps],14.864911079406738,20.13413989516599,15.466666666666667
60,MY_TO_SG,2026-09-25T00:20:00,14.458333333333334,xgb[maps],15.481995582580566,19.673103090309333,16.616666666666667
60,MY_TO_SG,2026-09-25T00:30:00,14.841666666666667,xgb[maps],16.01728630065918,19.20951626307989,16.491666666666667
60,MY_TO_SG,2026-09-25T00:40:00,14.766666666666666,xgb[maps],15.771772384643555,18.748549784201114,16.35
60,MY_TO_SG,2026-09-25T00:50:00,13.683333333333334,xgb[maps],15.148843765258789,18.298546618275175,16.116666666666667
60,MY_TO_SG,2026-09-25T01:00:00,14.258333333333333,xgb[maps],14.557690620422363,17.640075154804336,14.891666666666666
60,MY_TO_SG,2026-09-25T01:10:00,14.358333333333334,xgb[maps],14.670065879821777,17.25940106802461,14.983333333333334
60,MY_TO_SG,2026-09-25T01:20:00,14.291666666666668,xgb[maps],13.995654106140137,16.921788280391905,14.458333333333334
60,MY_TO_SG,2026-09-25T01:30:00,13.975,xgb[maps],14.028881072998047,16.634499814440467,14.841666666666667
60,MY_TO_SG,2026-09-25T01:40:00,13.55,xgb[maps],14.728083610534668,16.401113607427238,14.766666666666666
60,MY_TO_SG,2026-09-25T01:50:00,14.291666666666668,xgb[maps],14.428759574890137,16.220901761316174,13.683333333333334
60,MY_TO_SG,2026-09-25T02:00:00,14.775,xgb[maps],14.806488990783691,16.08871979466247,14.258333333333333
60,MY_TO_SG,2026-09-25T02:10:00,15.883333333333333,xgb[maps],14.908870697021484,15.995429470568583,14.358333333333334
60,MY_TO_SG,2026-09-25T02:20:00,15.683333333333334,xgb[maps],15.147351264953613,15.92882433794601,14.291666666666668
60,MY_TO_SG,2026-09-25T02:30:00,15.558333333333334,xgb[maps],15.085071563720703,15.874976140955233,13.975
60,MY_TO_SG,2026-09-25T02:40:00,15.808333333333334,xgb[maps],14.339972496032715,15.819877280049914,13.55
60,MY_TO_SG,2026-09-25T02:50:00,15.216666666666667,xgb[maps],15.149358749389648,15.751223240221154,14.291666666666668
60,MY_TO_SG,2026-09-25T03:00:00,14.516666666666666,xgb[maps],15.270803451538086,15.660161898004596,14.775
60,MY_TO_SG,2026-09-25T03:10:00,14.091666666666665,xgb[maps],15.10772705078125,15.542835149433154,15.883333333333333
60,MY_TO_SG,2026-09-25T03:20:00,14.391666666666666,xgb[maps],15.525683403015137,15.401552306176942,15.683333333333334
60,MY_TO_SG,2026-09-25T03:30:00,13.95,xgb[maps],14.632964134216309,15.245462861585601,15.558333333333334
60,MY_TO_SG,2026-09-25T03:40:00,14.566666666666666,xgb[maps],15.132389068603516,15.090636101580138,15.808333333333334
60,MY_TO_SG,2026-09-25T03:50:00,14.741666666666667,xgb[maps],15.270803451538086,14.959503322582282,15.216666666666667
60,MY_TO_SG,2026-09-25T04:00:00,14.483333333333334,xgb[maps],15.218999862670898,14.879671221603346,14.516666666666666
60,MY_TO_SG,2026-09-25T04:10:00,15.216666666666667,xgb[maps],14.966689109802246,14.882168156106617,14.091666666666665
60,MY_TO_SG,2026-09-25T04:20:00,14.958333333333332,xgb[maps],14.58057975769043,14.999234268136629,14.391666666666666
60,MY_TO_SG,2026-09-25T04:30:00,15.375,xgb[maps],15.045576095581055,15.261808076793834,13.95
60,MY_TO_SG,2026-09-25T04:40:00,15.683333333333334,xgb[maps],15.312159538269043,15.696892787772935,14.566666666666666
60,MY_TO_SG,2026-09-25T04:50:00,16.375,xgb[maps],16.425399780273438,16.325002761214197,14.741666666666667
60,MY_TO_SG,2026-09-25T05:00:00,17.433333333333334,xgb[maps],17.29819679260254,17.157892786424984,14.483333333333334
60,MY_TO_SG,2026-09-25T05:10:00,17.416666666666664,xgb[maps],18.070362091064453,18.19675955959589,15.216666666666667
60,MY_TO_SG,2026-09-25T05:20:00,19.108333333333334,xgb[maps],17.886457443237305,19.431076674119076,14.958333333333332
60,MY_TO_SG,2026-09-25T05:30:00,18.358333333333334,xgb[maps],19.680601119995117,20.838183214751364,15.375
60,MY_TO_SG,2026-09-25T05:40:00,18.40833333333333,xgb[maps],20.57132911682129,22.383694386250802,15.683333333333334
60,MY_TO_SG,2026-09-25T05:50:00,20.55,xgb[maps],21.361011505126953,24.02274402793914,16.375
60,MY_TO_SG,2026-09-25T06:00:00,21.575000000000003,xgb[maps],23.32889747619629,25.702007512579627,17.433333333333334
60,MY_TO_SG,2026-09-25T06:10:00,21.516666666666666,xgb[maps],23.779842376708984,27.362393901362292,17.416666666666664
60,MY_TO_SG,2026-09-25T06:20:00,23.558333333333334,xgb[maps],25.405954360961914,28.94224287690013,19.108333333333334
60,MY_TO_SG,2026-09-25T06:30:00,26.69166666666667,xgb[maps],25.621965408325195,30.380819173066087,18.358333333333334
60,MY_TO_SG,2026-09-25T06:40:00,29.05,xgb[maps],23.325775146484375,31.621868620618773,18.40833333333333
60,MY_TO_SG,2026-09-25T06:50:00,28.775,xgb[maps],25.530853271484375,32.61698826066389,20.55
60,MY_TO_SG,2026-09-25T07:00:00,29.583333333333336,xgb[maps],28.357419967651367,33.32856978166219,21.575000000000003
60,MY_TO_SG,2026-09-25T07:10:00,30.475,xgb[maps],29.20008087158203,33.732100963353275,21.516666666666666
60,MY_TO_SG,2026-09-25T07:20:00,32.375,xgb[maps],32.369144439697266,33.81765253737635,23.558333333333334
60,MY_TO_SG,2026-09-25T07:30:00,33.05833333333334,xgb[maps],31.5992374420166,33.590435116610806,26.69166666666667
60,MY_TO_SG,2026-09-25T07:40:00,32.54166666666667,xgb[maps],31.312782287597656,33.07037850887204,29.05
60,MY_TO_SG,2026-09-25T07:50:00,30.35,xgb[maps],29.51920509338379,32.290758679795466,28.775
60,MY_TO_SG,2026-09-25T08:00:00,28.791666666666664,xgb[maps],32.697608947753906,31.2959700685,29.583333333333336
60,MY_TO_SG,2026-09-25T08:10:00,26.700000000000003,xgb[maps],31.380556106567383,30.13860689817972,30.475
60,MY_TO_SG,2026-09-25T08:20:00,23.5,xgb[maps],31.312427520751953,28.876070894033145,32.375
60,MY_TO_SG,2026-09-25T08:30:00,20.958333333333332,xgb[maps],31.335657119750977,27.566959595869964,33.05833333333334
60,MY_TO_SG,2026-09-25T08:40:00,21.333333333333336,xgb[maps],29.648853302001953,26.267505720303554,32.54166666666667
60,MY_TO_SG,2026-09-25T08:50:00,20.225,xgb[maps],25.711545944213867,25.02833196998138,30.35
60,MY_TO_SG,2026-09-25T09:00:00,20.583333333333336,xgb[maps],22.683284759521484,23.891757422765235,28.791666666666664
60,MY_TO_SG,2026-09-25T09:10:00,19.616666666666667,xgb[maps],20.304039001464844,22.889843285942682,26.700000000000003
60,MY_TO_SG,2026-09-25T09:20:00,18.55,xgb[maps],19.666112899780273,22.0433013806202,23.5
60,MY_TO_SG,2026-09-25T09:30:00,18.641666666666666,xgb[maps],19.671010971069336,21.36131382126044,20.958333333333332
60,MY_TO_SG,2026-09-25T09:40:00,18.325000000000003,xgb[maps],20.06133270263672,20.842233672290966,21.333333333333336
60,MY_TO_SG,2026-09-25T09:50:00,18.34166666666667,xgb[maps],19.556758880615234,20.475061095978145,20.225
60,MY_TO_SG,2026-09-25T10:00:00,18.041666666666664,xgb[maps],20.51707649230957,20.241524672109676,20.583333333333336
60,MY_TO_SG,2026-09-25T10:10:00,18.833333333333332,xgb[maps],20.367734909057617,20.118549319868574,19.616666666666667
60,MY_TO_SG,2026-09-25T10:20:00,18.933333333333334,xgb[maps],20.09340476989746,20.080865235770663,18.55
60,MY_TO_SG,2026-09-25T10:30:00,17.958333333333336,xgb[maps],20.382139205932617,20.103509127188566,18.641666666666666
60,MY_TO_SG,2026-09-25T10:40:00,17.933333333333334,xgb[maps],20.249536514282227,20.163990098054093,18.325000000000003
60,MY_TO_SG,2026-09-25T10:50:00,17.40833333333333,xgb[maps],20.174867630004883,20.243935749569374,18.34166666666667
60,MY_TO_SG,2026-09-25T11:00:00,17.691666666666666,xgb[maps],20.396364212036133,20.33009505214951,18.041666666666664
60,MY_TO_SG,2026-09-25T11:10:00,18.391666666666666,xgb[maps],20.39097023010254,20.41464711291146,18.833333333333332
60,MY_TO_SG,2026-09-25T11:20:00,19.333333333333332,xgb[maps],20.36477279663086,20.49484161799409,18.933333333333334
60,MY_TO_SG,2026-09-25T11:30:00,19.1,xgb[maps],20.20721435546875,20.57206945342607,17.958333333333336
60,MY_TO_SG,2026-09-25T11:40:00,20.21666666666667,xgb[maps],20.49230194091797,20.65052307840603,17.933333333333334
60,MY_TO_SG,2026-09-25T11:50:00,19.691666666666666,xgb[maps],20.356298446655273,20.73564902710645,17.40833333333333
60,MY_TO_SG,2026-09-25T12:00:00,20.28333333333333,xgb[maps],20.05674171447754,20.832614669009402,17.691666666666666
60,MY_TO_SG,2026-09-25T12:10:00,21.566666666666666,xgb[maps],20.53103256225586,20.945005665897032,18.391666666666666
60,MY_TO_SG,2026-09-25T12:20:00,21.25,xgb[maps],20.72723388671875,21.073939724275114,19.333333333333332
60,MY_TO_SG,2026-09-25T12:30:00,20.55,xgb[maps],20.633127212524414,21.217729284194167,19.1
60,MY_TO_SG,2026-09-25T12:40:00,20.34166666666667,xgb[maps],20.964162826538086,21.372156213677997,20.21666666666667
60,MY_TO_SG,2026-09-25T12:50:00,20.816666666666666,xgb[maps],20.436389923095703,21.531342845677095,19.691666666666666
60,MY_TO_SG,2026-09-25T13:00:00,19.575000000000003,xgb[maps],20.537527084350586,21.689124453948168,20.28333333333333
60,MY_TO_SG,2026-09-25T13:10:00,19.325000000000003,xgb[maps],21.758230209350586,21.840757467162497,21.566666666666666
60,MY_TO_SG,2026-09-25T13:20:00,20.208333333333332,xgb[maps],21.413982391357422,21.98474366055567,21.25
60,MY_TO_SG,2026-09-25T13:30:00,19.375,xgb[maps],21.01297950744629,22.124519963119077,20.55
60,MY_TO_SG,2026-09-25T13:40:00,18.858333333333334,xgb[maps],21.067516326904297,22.26976075308696,20.34166666666667
60,MY_TO_SG,2026-09-25T13:50:00,19.333333333333336,xgb[maps],21.512712478637695,22.437066075089408,20.816666666666666
60,MY_TO_SG,2026-09-25T14:00:00,20.424999999999997,xgb[maps],20.733566284179688,22.649863450615662,19.575000000000003
60,MY_TO_SG,2026-09-25T14:10:00,19.516666666666666,xgb[maps],20.865352630615234,22.937428160425142,19.325000000000003
60,MY_TO_SG,2026-09-25T14:20:00,18.875,xgb[maps],21.183916091918945,23.333019689098347,20.208333333333332
60,MY_TO_SG,2026-09-25T14:30:00,19.425,xgb[maps],20.87493133544922,23.87123111787216,19.375
60,MY_TO_SG,2026-09-25T14:40:00,20.025,xgb[maps],21.004344940185547,24.584743282367445,18.858333333333334
60,MY_TO_SG,2026-09-25T14:50:00,19.65833333333333,xgb[maps],21.726272583007812,25.50075615807968,19.333333333333336
60,MY_TO_SG,2026-09-25T15:00:00,20.108333333333334,xgb[maps],22.37921142578125,26.637426997697723,20.424999999999997
60,MY_TO_SG,2026-09-25T15:10:00,19.46666666666667,xgb[maps],21.296300888061523,28.000671135851,19.516666666666666
60,MY_TO_SG,2026-09-25T15:20:00,19.85,xgb[maps],22.573680877685547,29.58167293354808,18.875
60,MY_TO_SG,2026-09-25T15:30:00,20.575000000000003,xgb[maps],23.778940200805664,31.355410329616365,19.425
60,MY_TO_SG,2026-09-25T15:40:00,20.333333333333336,xgb[maps],25.03653335571289,33.28041978626275,20.025
60,MY_TO_SG,2026-09-25T15:50:00,22.55,xgb[maps],25.26161766052246,35.29992536476453,19.65833333333333
60,MY_TO_SG,2026-09-25T16:00:00,22.166666666666664,xgb[maps],27.399520874023438,37.34433541554482,20.108333333333334
60,MY_TO_SG,2026-09-25T16:10:00,22.0,xgb[maps],26.8134765625,39.33498409249318,19.46666666666667
60,MY_TO_SG,2026-09-25T16:20:00,21.516666666666666,xgb[maps],27.627914428710938,41.18887470902388,19.85
60,MY_TO_SG,2026-09-25T16:30:00,25.508333333333333,xgb[maps],29.618268966674805,42.824079678194806,20.575000000000003
60,MY_TO_SG,2026-09-25T16:40:00,29.275,xgb[maps],29.97589111328125,44.16537779696047,20.333333333333336
60,MY_TO_SG,2026-09-25T16:50:00,31.991666666666667,xgb[maps],32.26156997680664,45.14967179983425,22.55
60,MY_TO_SG,2026-09-25T17:00:00,35.43333333333334,xgb[maps],33.52387237548828,45.73073192990409,22.166666666666664
60,MY_TO_SG,2026-09-25T17:10:00,35.24166666666667,xgb[maps],32.31028366088867,45.88285542245572,22.0
60,MY_TO_SG,2026-09-25T17:20:00,38.79166666666667,xgb[maps],32.07022476196289,45.60311397331679,21.516666666666666
60,MY_TO_SG,2026-09-25T17:30:00,43.53333333333333,xgb[maps],34.27358627319336,44.91197448784859,25.508333333333333
60,MY_TO_SG,2026-09-25T17:40:00,33.858333333333334,xgb[maps],35.01478958129883,43.852212651112715,29.275
60,MY_TO_SG,2026-09-25T17:50:00,31.625,xgb[maps],38.51104736328125,42.4861820055052,31.991666666666667
60,MY_TO_SG,2026-09-25T18:00:00,31.325,xgb[maps],38.436927795410156,40.891640217883825,35.43333333333334
60,MY_TO_SG,2026-09-25T18:10:00,27.866666666666667,xgb[maps],37.890193939208984,39.15645633856776,35.24166666666667
60,MY_TO_SG,2026-09-25T18:20:00,25.825,xgb[maps],36.06093978881836,37.37261692705086,38.79166666666667
60,MY_TO_SG,2026-09-25T18:30:00,25.375,xgb[maps],37.14421844482422,35.63000639802704,43.53333333333333
60,MY_TO_SG,2026-09-25T18:40:00,26.308333333333334,xgb[maps],32.91950225830078,34.01045272106602,33.858333333333334
60,MY_TO_SG,2026-09-25T18:50:00,25.625,xgb[maps],26.70919418334961,32.5825024969903,31.625
60,MY_TO_SG,2026-09-25T19:00:00,22.475,xgb[maps],24.10126304626465,31.39732224545663,31.325
60,MY_TO_SG,2026-09-25T19:10:00,21.833333333333336,xgb[maps],23.537879943847656,30.4860219833755,27.866666666666667
60,MY_TO_SG,2026-09-25T19:20:00,22.391666666666666,xgb[maps],24.123374938964844,29.85857240453066,25.825
60,MY_TO_SG,2026-09-25T19:30:00,22.141666666666666,xgb[maps],23.937578201293945,29.504349830704452,25.375
60,MY_TO_SG,2026-09-25T19:40:00,21.258333333333333,xgb[maps],25.29476547241211,29.394206190219226,26.308333333333334
60,MY_TO_SG,2026-09-25T19:50:00,21.383333333333333,xgb[maps],26.343338012695312,29.48383692641768,25.625
60,MY_TO_SG,2026-09-25T20:00:00,22.6,xgb[maps],27.077110290527344,29.718118852793758,22.475
60,MY_TO_SG,2026-09-25T20:10:00,21.53333333333333,xgb[maps],27.167755126953125,30.036021024281286,21.833333333333336
60,MY_TO_SG,2026-09-25T20:20:00,22.700000000000003,xgb[maps],28.48965072631836,30.37565997169753,22.391666666666666
60,MY_TO_SG,2026-09-25T20:30:00,22.433333333333334,xgb[maps],28.153331756591797,30.679077826306113,22.141666666666666
60,MY_TO_SG,2026-09-25T20:40:00,22.558333333333334,xgb[maps],26.667112350463867,30.896365950530402,21.258333333333333
60,MY_TO_SG,2026-09-25T20:50:00,22.516666666666666,xgb[maps],27.210405349731445,30.9888323196472,21.383333333333333
60,MY_TO_SG,2026-09-25T21:00:00,21.258333333333333,xgb[maps],27.921398162841797,30.931009937203875,22.6
60,MY_TO_SG,2026-09-25T21:10:00,22.066666666666666,xgb[maps],26.253013610839844,30.711415986913337,21.53333333333333
60,MY_TO_SG,2026-09-25T21:20:00,22.808333333333334,xgb[maps],26.38314437866211,30.332086324653233,22.700000000000003
60,MY_TO_SG,2026-09-25T21:30:00,22.808333333333334,xgb[maps],26.444976806640625,29.807016594128555,22.433333333333334
60,MY_TO_SG,2026-09-25T21:40:00,22.858333333333334,xgb[maps],24.45688247680664,29.159730223691735,22.558333333333334
60,MY_TO_SG,2026-09-25T21:50:00,22.058333333333334,xgb[maps],22.94804573059082,28.420257423629348,22.516666666666666
60,MY_TO_SG,2026-09-25T22:00:00,21.84166666666667,xgb[maps],21.31056022644043,27.621843352961438,21.258333333333333
60,MY_TO_SG,2026-09-25T22:10:00,20.691666666666666,xgb[maps],21.84419822692871,26.797706207423825,22.066666666666666
60,MY_TO_SG,2026-09-25T22:20:00,19.491666666666667,xgb[maps],21.4766788482666,25.97813851348618,22.808333333333334
60,MY_TO_SG,2026-09-25T22:30:00,18.391666666666666,xgb[maps],21.40619659423828,25.188191613696034,22.808333333333334
60,MY_TO_SG,2026-09-25T22:40:00,18.491666666666667,xgb[maps],20.375234603881836,24.446110676442075,22.858333333333334
60,MY_TO_SG,2026-09-25T22:50:00,18.05833333333333,xgb[maps],20.22461700439453,23.762603568585725,22.058333333333334
60,MY_TO_SG,2026-09-25T23:00:00,16.916666666666664,xgb[maps],19.99763298034668,23.14094028286357,21.84166666666667
60,MY_TO_SG,2026-09-25T23:10:00,17.116666666666667,xgb[maps],18.651668548583984,22.577798807865808,20.691666666666666
60,MY_TO_SG,2026-09-25T23:20:00,16.90833333333333,xgb[maps],17.701509475708008,22.06470584960197,19.491666666666667
60,MY_TO_SG,2026-09-25T23:30:00,15.983333333333333,xgb[maps],17.231956481933594,21.58987245539314,18.391666666666666
60,MY_TO_SG,2026-09-25T23:40:00,16.508333333333333,xgb[maps],17.066232681274414,21.140198983684314,18.491666666666667
60,MY_TO_SG,2026-09-25T23:50:00,16.05,xgb[maps],17.095144271850586,20.70322223276112,18.05833333333333
60,MY_TO_SG,2026-09-26T00:00:00,15.375,xgb[maps],16.7998104095459,29.21334322418071,16.916666666666664
60,MY_TO_SG,2026-09-26T00:10:00,15.916666666666668,xgb[maps],16.59859848022461,26.931750304116946,17.116666666666667
60,MY_TO_SG,2026-09-26T00:20:00,16.05,xgb[maps],16.378686904907227,24.819876992444627,16.90833333333333
60,MY_TO_SG,2026-09-26T00:30:00,16.083333333333336,xgb[maps],15.81248664855957,22.937763770085517,15.983333333333333
60,MY_TO_SG,2026-09-26T00:40:00,15.308333333333334,xgb[maps],16.040599822998047,21.328332051661768,16.508333333333333
60,MY_TO_SG,2026-09-26T00:50:00,15.5,xgb[maps],15.499800682067871,20.01563453456817,16.05
60,MY_TO_SG,2026-09-26T01:00:00,15.683333333333334,xgb[maps],15.252182960510254,19.004292817105963,15.375
60,MY_TO_SG,2026-09-26T01:10:00,15.141666666666666,xgb[maps],15.184117317199707,18.281621263923643,15.916666666666668
60,MY_TO_SG,2026-09-26T01:20:00,14.958333333333334,xgb[maps],15.286252975463867,17.818284520867742,16.05
60,MY_TO_SG,2026-09-26T01:30:00,14.858333333333334,xgb[maps],15.291243553161621,17.572840318207064,16.083333333333336
60,MY_TO_SG,2026-09-26T01:40:00,15.258333333333333,xgb[maps],15.312539100646973,17.495501386331078,15.308333333333334
60,MY_TO_SG,2026-09-26T01:50:00,13.858333333333334,xgb[maps],15.36763858795166,17.53257505694348,15.5
60,MY_TO_SG,2026-09-26T02:00:00,14.35,xgb[maps],15.4514741897583,17.630902877984354,15.683333333333334
60,MY_TO_SG,2026-09-26T02:10:00,14.183333333333334,xgb[maps],15.480807304382324,17.741948929438387,15.141666666666666
60,MY_TO_SG,2026-09-26T02:20:00,16.19166666666667,xgb[maps],15.48030948638916,17.825227888780322,14.958333333333334
60,MY_TO_SG,2026-09-26T02:30:00,16.325,xgb[maps],15.318824768066406,17.85082983056866,14.858333333333334
60,MY_TO_SG,2026-09-26T02:40:00,17.15833333333333,xgb[maps],15.481964111328125,17.800882288274504,15.258333333333333
60,MY_TO_SG,2026-09-26T02:50:00,16.816666666666666,xgb[maps],14.811208724975586,17.66988404431785,13.858333333333334
60,MY_TO_SG,2026-09-26T03:00:00,16.925,xgb[maps],15.212955474853516,17.463941575082956,14.35
60,MY_TO_SG,2026-09-26T03:10:00,18.358333333333334,xgb[maps],15.17509937286377,17.199030156430204,14.183333333333334
60,MY_TO_SG,2026-09-26T03:20:00,17.933333333333334,xgb[maps],15.536334037780762,16.89848000753193,16.19166666666667
60,MY_TO_SG,2026-09-26T03:30:00,17.233333333333334,xgb[maps],14.741901397705078,16.589947333709553,16.325
60,MY_TO_SG,2026-09-26T03:40:00,16.733333333333334,xgb[maps],16.172218322753906,16.302166149245764,17.15833333333333
60,MY_TO_SG,2026-09-26T03:50:00,16.75,xgb[maps],15.690591812133789,16.06178669972557,16.816666666666666
60,MY_TO_SG,2026-09-26T04:00:00,15.933333333333334,xgb[maps],16.108436584472656,15.890589690393181,16.925
60,MY_TO_SG,2026-09-26T04:10:00,16.325,xgb[maps],16.330991744995117,15.803324073692337,18.358333333333334
60,MY_TO_SG,2026-09-26T04:20:00,15.366666666666667,xgb[maps],16.13286018371582,15.806353613334963,17.933333333333334
60,MY_TO_SG,2026-09-26T04:30:00,14.241666666666667,xgb[maps],16.060382843017578,15.897219333399363,17.233333333333334
60,MY_TO_SG,2026-09-26T04:40:00,14.883333333333333,xgb[maps],16.156005859375,16.065138104699855,16.733333333333334
60,MY_TO_SG,2026-09-26T04:50:00,15.691666666666666,xgb[maps],16.624536514282227,16.292369611547404,16.75
60,MY_TO_SG,2026-09-26T05:00:00,17.34166666666667,xgb[maps],17.43204116821289,16.556302523571297,15.933333333333334
60,MY_TO_SG,2026-09-26T05:10:00,17.108333333333334,xgb[maps],17.921070098876953,16.832043115405995,16.325
60,MY_TO_SG,2026-09-26T05:20:00,16.75,xgb[maps],18.708711624145508,17.095241957363005,15.366666666666667
60,MY_TO_SG,2026-09-26T05:30:00,16.383333333333333,xgb[maps],18.89934730529785,17.324871100767034,14.241666666666667
60,MY_TO_SG,2026-09-26T05:40:00,17.549999999999997,xgb[maps],19.339475631713867,17.505667769594513,14.883333333333333
60,MY_TO_SG,2026-09-26T05:50:00,19.558333333333334,xgb[maps],19.464962005615234,17.629990963262685,15.691666666666666
60,MY_TO_SG,2026-09-26T06:00:00,18.691666666666666,xgb[maps],21.010725021362305,17.69889217864409,17.34166666666667
60,MY_TO_SG,2026-09-26T06:10:00,18.525,xgb[maps],22.19074249267578,17.72227600990861,17.108333333333334
60,MY_TO_SG,2026-09-26T06:20:00,20.758333333333333,xgb[maps],21.88129234313965,17.718114104715823,16.75
60,MY_TO_SG,2026-09-26T06:30:00,20.633333333333333,xgb[maps],19.68269157409668,17.71076888919282,16.383333333333333
60,MY_TO_SG,2026-09-26T06:40:00,20.066666666666666,xgb[maps],20.083316802978516,17.728572972880468,17.549999999999997
60,MY_TO_SG,2026-09-26T06:50:00,19.358333333333334,xgb[maps],24.484275817871094,17.80088764011153,19.558333333333334
60,MY_TO_SG,2026-09-26T07:00:00,19.8,xgb[maps],23.84119987487793,17.95492163718886,18.691666666666666
60,MY_TO_SG,2026-09-26T07:10:00,19.933333333333334,xgb[maps],24.624027252197266,18.212623515054542,18.525
60,MY_TO_SG,2026-09-26T07:20:00,20.84166666666667,xgb[maps],24.44428062438965,18.58796328065963,20.758333333333333
60,MY_TO_SG,2026-09-26T07:30:00,20.708333333333332,xgb[maps],24.616413116455078,19.084890938685994,20.633333333333333
60,MY_TO_SG,2026-09-26T07:40:00,22.28333333333333,xgb[maps],24.17119598388672,19.69620245802682,20.066666666666666
60,MY_TO_SG,2026-09-26T07:50:00,21.90833333333333,xgb[maps],23.32866859436035,20.4034623944128,19.358333333333334
60,MY_TO_SG,2026-09-26T08:00:00,23.125,xgb[maps],23.314964294433594,21.17803395020333,19.8
60,MY_TO_SG,2026-09-26T08:10:00,26.441666666666666,xgb[maps],23.35902976989746,21.98316065537479,19.933333333333334
60,MY_TO_SG,2026-09-26T08:20:00,26.666666666666664,xgb[maps],23.90084457397461,22.77693919955029,20.84166666666667
60,MY_TO_SG,2026-09-26T08:30:00,28.56666666666667,xgb[maps],24.58116912841797,23.515930470297626,20.708333333333332
60,MY_TO_SG,2026-09-26T08:40:00,31.741666666666667,xgb[maps],25.349529266357422,24.159084949698382,22.28333333333333
60,MY_TO_SG,2026-09-26T08:50:00,32.93333333333333,xgb[maps],25.438953399658203,24.671616888895684,21.90833333333333
60,MY_TO_SG,2026-09-26T09:00:00,38.65833333333333,xgb[maps],25.82938003540039,25.028454119625437,23.125
60,MY_TO_SG,2026-09-26T09:10:00,39.358333333333334,xgb[maps],29.030784606933594,25.216918794510725,26.441666666666666
60,MY_TO_SG,2026-09-26T09:20:00,39.84166666666667,xgb[maps],27.745330810546875,25.2383571307635,26.666666666666664
60,MY_TO_SG,2026-09-26T09:30:00,39.575,xgb[maps],29.456148147583008,25.108528303088516,28.56666666666667
60,MY_TO_SG,2026-09-26T09:40:00,37.608333333333334,xgb[maps],34.193878173828125,24.856675898784086,31.741666666666667
60,MY_TO_SG,2026-09-26T09:50:00,34.84166666666667,xgb[maps],33.39222717285156,24.523329391226206,32.93333333333333
60,MY_TO_SG,2026-09-26T10:00:00,36.74166666666667,xgb[maps],39.7164192199707,24.15700611700623,38.65833333333333
60,MY_TO_SG,2026-09-26T10:10:00,30.825000000000003,xgb[maps],36.36216735839844,23.810094222155207,39.358333333333334
60,MY_TO_SG,2026-09-26T10:20:00,27.883333333333333,xgb[maps],35.694908142089844,23.534282879669,39.84166666666667
60,MY_TO_SG,2026-09-26T10:30:00,25.491666666666667,xgb[maps],37.4193115234375,23.37595874702292,39.575
60,MY_TO_SG,2026-09-26T10:40:00,22.808333333333334,xgb[maps],38.13777160644531,23.37200112281451,37.608333333333334
60,MY_TO_SG,2026-09-26T10:50:00,21.133333333333333,xgb[maps],35.496646881103516,23.54638027007612,34.84166666666667
60,MY_TO_SG,2026-09-26T11:00:00,24.34166666666667,xgb[maps],38.03071975708008,23.90789562048126,36.74166666666667
60,MY_TO_SG,2026-09-26T11:10:00,22.441666666666666,xgb[maps],27.688270568847656,24.449288737088953,30.825000000000003
60,MY_TO_SG,2026-09-26T11:20:00,21.941666666666666,xgb[maps],24.545822143554688,25.14783916309514,27.883333333333333
60,MY_TO_SG,2026-09-26T11:30:00,22.049999999999997,xgb[maps],22.442434310913086,25.96741145235723,25.491666666666667
60,MY_TO_SG,2026-09-26T11:40:00,20.575000000000003,xgb[maps],21.13172721862793,26.861782142866492,22.808333333333334
60,MY_TO_SG,2026-09-26T11:50:00,23.891666666666666,xgb[maps],20.013671875,27.778949825365302,21.133333333333333
60,MY_TO_SG,2026-09-26T12:00:00,22.066666666666666,xgb[maps],23.647634506225586,28.666032303983474,24.34166666666667
60,MY_TO_SG,2026-09-26T12:10:00,25.3,xgb[maps],23.154953002929688,29.47429230345478,22.441666666666666
60,MY_TO_SG,2026-09-26T12:20:00,23.041666666666664,xgb[maps],23.372333526611328,30.163813983060038,21.941666666666666
60,MY_TO_SG,2026-09-26T12:30:00,21.616666666666667,xgb[maps],22.778141021728516,30.7073792493389,22.049999999999997
60,MY_TO_SG,2026-09-26T12:40:00,20.875,xgb[maps],19.894018173217773,31.093163611973637,20.575000000000003
60,MY_TO_SG,2026-09-26T12:50:00,20.375,xgb[maps],23.978275299072266,31.325979826957727,23.891666666666666
60,MY_TO_SG,2026-09-26T13:00:00,19.84166666666667,xgb[maps],23.48504066467285,31.42693373539214,22.066666666666666
60,MY_TO_SG,2026-09-26T13:10:00,20.175,xgb[maps],26.585622787475586,31.431507591133645,25.3
60,MY_TO_SG,2026-09-26T13:20:00,19.516666666666666,xgb[maps],24.211532592773438,31.386237220713365,23.041666666666664
60,MY_TO_SG,2026-09-26T13:30:00,20.275,xgb[maps],21.679738998413086,31.3442858356523,21.616666666666667
60,MY_TO_SG,2026-09-26T13:40:00,21.308333333333334,xgb[maps],21.33283233642578,31.360325762352268,20.875
60,MY_TO_SG,2026-09-26T13:50:00,20.558333333333334,xgb[maps],20.960895538330078,31.485208942742183,20.375
60,MY_TO_SG,2026-09-26T14:00:00,19.95,xgb[maps],20.776304244995117,31.760930699143493,19.84166666666667
60,MY_TO_SG,2026-09-26T14:10:00,20.65833333333333,xgb[maps],20.783994674682617,32.21636633087644,20.175
60,MY_TO_SG,2026-09-26T14:20:00,20.65833333333333,xgb[maps],20.850439071655273,32.8641887664124,19.516666666666666
60,MY_TO_SG,2026-09-26T14:30:00,20.34166666666667,xgb[maps],21.002195358276367,33.69926446729424,20.275
60,MY_TO_SG,2026-09-26T14:40:00,21.05,xgb[maps],22.552736282348633,34.698684744959884,21.308333333333334
60,MY_TO_SG,2026-09-26T14:50:00,21.041666666666664,xgb[maps],21.927515029907227,35.823434185347494,20.558333333333334
60,MY_TO_SG,2026-09-26T15:00:00,20.508333333333333,xgb[maps],21.708953857421875,37.021542116341,19.95
60,MY_TO_SG,2026-09-26T15:10:00,22.375,xgb[maps],22.831880569458008,38.23242219777259,20.65833333333333
60,MY_TO_SG,2026-09-26T15:20:00,23.041666666666664,xgb[maps],22.640769958496094,39.39199300960522,20.65833333333333
60,MY_TO_SG,2026-09-26T15:30:00,26.975,xgb[maps],23.289575576782227,40.43809988693228,20.34166666666667
60,MY_TO_SG,2026-09-26T15:40:00,27.208333333333336,xgb[maps],24.166357040405273,41.31573221682986,21.05
60,MY_TO_SG,2026-09-26T15:50:00,29.8,xgb[maps],24.457874298095703,41.98155338138371,21.041666666666664
60,MY_TO_SG,2026-09-26T16:00:00,31.44166666666667,xgb[maps],25.06801414489746,42.40733007111634,20.508333333333333
60,MY_TO_SG,2026-09-26T16:10:00,32.78333333333333,xgb[maps],29.56878662109375,42.58195678036668,22.375
60,MY_TO_SG,2026-09-26T16:20:00,30.825,xgb[maps],30.352397918701172,42.51190902759576,23.041666666666664
60,MY_TO_SG,2026-09-26T16:30:00,31.275,xgb[maps],34.93764114379883,42.22011153373356,26.975
60,MY_TO_SG,2026-09-26T16:40:00,34.3,xgb[maps],33.95891571044922,41.74336014653166,27.208333333333336
60,MY_TO_SG,2026-09-26T16:50:00,38.483333333333334,xgb[maps],37.91735076904297,41.128573724950904,29.8
60,MY_TO_SG,2026-09-26T17:00:00,34.20833333333333,xgb[maps],36.98891830444336,40.42826109395399,31.44166666666667
60,MY_TO_SG,2026-09-26T17:10:00,38.30833333333334,xgb[maps],40.46128845214844,39.6956580628171,32.78333333333333
60,MY_TO_SG,2026-09-26T17:20:00,33.93333333333334,xgb[maps],37.48863983154297,38.98001382688743,30.825
60,MY_TO_SG,2026-09-26T17:30:00,35.84166666666667,xgb[maps],35.09864044189453,38.32248286595144,31.275
60,MY_TO_SG,2026-09-26T17:40:00,35.54166666666667,xgb[maps],38.71051025390625,37.75301046113097,34.3
60,MY_TO_SG,2026-09-26T17:50:00,33.975,xgb[maps],37.458091735839844,37.2884943406114,38.483333333333334
60,MY_TO_SG,2026-09-26T18:00:00,31.225,xgb[maps],33.26796340942383,36.93237256169117,34.20833333333333
60,MY_TO_SG,2026-09-26T18:10:00,30.15833333333333,xgb[maps],38.669395446777344,36.67564192799797,38.30833333333334
60,MY_TO_SG,2026-09-26T18:20:00,29.608333333333334,xgb[maps],33.338829040527344,36.49916661502564,33.93333333333334
60,MY_TO_SG,2026-09-26T18:30:00,27.166666666666664,xgb[maps],32.37961959838867,36.37700756799984,35.84166666666667
60,MY_TO_SG,2026-09-26T18:40:00,25.166666666666664,xgb[maps],32.669193267822266,36.2804023047002,35.54166666666667
60,MY_TO_SG,2026-09-26T18:50:00,24.558333333333334,xgb[maps],29.500024795532227,36.18196175641056,33.975
60,MY_TO_SG,2026-09-26T19:00:00,25.5,xgb[maps],27.724084854125977,36.05963162836053,31.225
60,MY_TO_SG,2026-09-26T19:10:00,24.725,xgb[maps],26.208126068115234,35.899991994678885,30.15833333333333
60,MY_TO_SG,2026-09-26T19:20:00,24.4,xgb[maps],26.788944244384766,35.700537522247544,29.608333333333334
60,MY_TO_SG,2026-09-26T19:30:00,24.525,xgb[maps],25.122251510620117,35.470684768910964,27.166666666666664
60,MY_TO_SG,2026-09-26T19:40:00,25.375,xgb[maps],25.200767517089844,35.23138196105328,25.166666666666664
60,MY_TO_SG,2026-09-26T19:50:00,25.45,xgb[maps],24.98711585998535,35.013337737610094,24.558333333333334
60,MY_TO_SG,2026-09-26T20:00:00,24.291666666666668,xgb[maps],25.038450241088867,34.8540247201793,25.5
60,MY_TO_SG,2026-09-26T20:10:00,22.783333333333335,xgb[maps],26.7372989654541,34.79373791185682,24.725
60,MY_TO_SG,2026-09-26T20:20:00,24.475,xgb[maps],27.96355438232422,34.87108493620056,24.4
60,MY_TO_SG,2026-09-26T20:30:00,25.391666666666666,xgb[maps],28.889326095581055,35.11834583691791,24.525
60,MY_TO_SG,2026-09-26T20:40:00,28.15833333333333,xgb[maps],28.677186965942383,35.55715897967178,25.375
60,MY_TO_SG,2026-09-26T20:50:00,30.808333333333334,xgb[maps],28.54222869873047,36.19496499393325,25.45
60,MY_TO_SG,2026-09-26T21:00:00,33.3,xgb[maps],27.922170639038086,37.022575259668685,24.291666666666668
60,MY_TO_SG,2026-09-26T21:10:00,38.04166666666667,xgb[maps],25.805959701538086,38.013131586848665,22.783333333333335
60,MY_TO_SG,2026-09-26T21:20:00,37.99166666666667,xgb[maps],26.476696014404297,39.12259899795793,24.475
60,MY_TO_SG,2026-09-26T21:30:00,38.46666666666667,xgb[maps],26.91799545288086,40.29179562778639,25.391666666666666
60,MY_TO_SG,2026-09-26T21:40:00,39.175,xgb[maps],28.55633544921875,41.44982546514919,28.15833333333333
60,MY_TO_SG,2026-09-26T21:50:00,41.141666666666666,xgb[maps],31.086002349853516,42.51865357589334,30.808333333333334
60,MY_TO_SG,2026-09-26T22:00:00,41.55,xgb[maps],35.682762145996094,43.418460837198786,33.3
60,MY_TO_SG,2026-09-26T22:10:00,44.016666666666666,xgb[maps],40.51729965209961,44.073345020030274,38.04166666666667
60,MY_TO_SG,2026-09-26T22:20:00,37.90833333333333,xgb[maps],39.99099349975586,44.41690312822252,37.99166666666667
60,MY_TO_SG,2026-09-26T22:30:00,37.20833333333333,xgb[maps],41.20592498779297,44.39723854276217,38.46666666666667
60,MY_TO_SG,2026-09-26T22:40:00,37.275,xgb[maps],44.483543395996094,43.98098437228669,39.175
60,MY_TO_SG,2026-09-26T22:50:00,34.175,xgb[maps],44.77714157104492,43.156016681491685,41.141666666666666
60,MY_TO_SG,2026-09-26T23:00:00,34.63333333333333,xgb[maps],43.544097900390625,41.9326402508301,41.55
60,MY_TO_SG,2026-09-26T23:10:00,35.483333333333334,xgb[maps],42.533103942871094,40.34315536193727,44.016666666666666
60,MY_TO_SG,2026-09-26T23:20:00,31.808333333333334,xgb[maps],36.98762893676758,38.439845739909785,37.90833333333333
60,MY_TO_SG,2026-09-26T23:30:00,33.43333333333334,xgb[maps],34.349578857421875,36.29155394555345,37.20833333333333
60,MY_TO_SG,2026-09-26T23:40:00,33.65833333333333,xgb[maps],35.937591552734375,33.97912070623792,37.275
60,MY_TO_SG,2026-09-26T23:50:00,33.275000000000006,xgb[maps],32.839111328125,31.59005006842541,34.175
60,MY_TO_SG,2026-09-27T00:00:00,35.31666666666667,xgb[maps],31.273822784423828,29.21281637005847,34.63333333333333
60,MY_TO_SG,2026-09-27T00:10:00,37.175,xgb[maps],35.038429260253906,26.93124821244991,35.483333333333334
60,MY_TO_SG,2026-09-27T00:20:00,34.18333333333334,xgb[maps],28.48987579345703,24.819408235034885,31.808333333333334
60,MY_TO_SG,2026-09-27T00:30:00,31.65,xgb[maps],28.99671173095703,22.937337909074206,33.43333333333334
60,MY_TO_SG,2026-09-27T00:40:00,35.233333333333334,xgb[maps],30.960477828979492,21.32795877911063,33.65833333333333
60,MY_TO_SG,2026-09-27T00:50:00,31.366666666666667,xgb[maps],30.24935531616211,20.015322753562025,33.275000000000006
240,SG_TO_MY,2026-09-24T04:00:00,12.375,xgb[maps+prof],12.769997596740723,12.047666046227178,21.21666666666667
240,SG_TO_MY,2026-09-24T04:10:00,12.375,xgb[maps+prof],12.984132766723633,12.345402955233958,21.858333333333334
240,SG_TO_MY,2026-09-24T04:20:00,12.675,xgb[maps+prof],13.14493179321289,12.631575999532885,19.516666666666666
240,SG_TO_MY,2026-09-24T04:30:00,12.725000000000001,xgb[maps+prof],13.662942886352539,12.872515612419702,18.308333333333334
240,SG_TO_MY,2026-09-24T04:40:00,12.725,xgb[maps+prof],13.4957857131958,13.042134361811266,17.05
240,SG_TO_MY,2026-09-24T04:50:00,13.175,xgb[maps+prof],13.727276802062988,13.126374875561504,16.558333333333334
240,SG_TO_MY,2026-09-24T05:00:00,13.524999999999999,xgb[maps+prof],14.138587951660156,13.126252729547357,15.925
240,SG_TO_MY,2026-09-24T05:10:00,13.583333333333334,xgb[maps+prof],13.751812934875488,13.059024050011748,13.833333333333334
240,SG_TO_MY,2026-09-24T05:20:00,13.616666666666667,xgb[maps+prof],13.683502197265625,12.95723857079022,12.916666666666666
240,SG_TO_MY,2026-09-24T05:30:00,13.675,xgb[maps+prof],13.537351608276367,12.865706880554994,12.6
240,SG_TO_MY,2026-09-24T05:40:00,13.833333333333332,xgb[maps+prof],13.458370208740234,12.836682207117933,12.583333333333332
240,SG_TO_MY,2026-09-24T05:50:00,14.175,xgb[maps+prof],13.319433212280273,12.923797878701906,12.649999999999999
240,SG_TO_MY,2026-09-24T06:00:00,14.166666666666668,xgb[maps+prof],13.338154792785645,13.175480381229733,12.808333333333334
240,SG_TO_MY,2026-09-24T06:10:00,14.541666666666668,xgb[maps+prof],13.588447570800781,13.628650684556863,12.216666666666667
240,SG_TO_MY,2026-09-24T06:20:00,15.383333333333333,xgb[maps+prof],13.636884689331055,14.303519513106366,11.766666666666666
240,SG_TO_MY,2026-09-24T06:30:00,16.208333333333336,xgb[maps+prof],14.863042831420898,15.200173918563014,11.691666666666666
240,SG_TO_MY,2026-09-24T06:40:00,17.666666666666668,xgb[maps+prof],15.569677352905273,16.297453859074068,12.25
240,SG_TO_MY,2026-09-24T06:50:00,19.96666666666667,xgb[maps+prof],16.102123260498047,17.554350895939393,11.958333333333332
240,SG_TO_MY,2026-09-24T07:00:00,22.916666666666668,xgb[maps+prof],16.92376708984375,18.913857828436065,12.116666666666667
240,SG_TO_MY,2026-09-24T07:10:00,23.683333333333334,xgb[maps+prof],17.748043060302734,20.308894508287377,12.416666666666666
240,SG_TO_MY,2026-09-24T07:20:00,20.84166666666667,xgb[maps+prof],18.972225189208984,21.669668411626176,12.925
240,SG_TO_MY,2026-09-24T07:30:00,21.375,xgb[maps+prof],19.640724182128906,22.93163226960578,12.591666666666667
240,SG_TO_MY,2026-09-24T07:40:00,23.425,xgb[maps+prof],21.520828247070312,24.04310076760185,12.475
240,SG_TO_MY,2026-09-24T07:50:00,28.266666666666666,xgb[maps+prof],22.196651458740234,24.97159849909635,12.383333333333333
240,SG_TO_MY,2026-09-24T08:00:00,33.141666666666666,xgb[maps+prof],23.870882034301758,25.70813342594868,12.375
240,SG_TO_MY,2026-09-24T08:10:00,35.16666666666667,xgb[maps+prof],24.5955867767334,26.268812022408337,12.375
240,SG_TO_MY,2026-09-24T08:20:00,32.15833333333333,xgb[maps+prof],25.080059051513672,26.69350981017781,12.675
240,SG_TO_MY,2026-09-24T08:30:00,36.90833333333333,xgb[maps+prof],25.114933013916016,27.04165035755137,12.725000000000001
240,SG_TO_MY,2026-09-24T08:40:00,39.54166666666667,xgb[maps+prof],24.445411682128906,27.385487628100293,12.725
240,SG_TO_MY,2026-09-24T08:50:00,38.775,xgb[maps+prof],25.30620765686035,27.801590430993983,13.175
240,SG_TO_MY,2026-09-24T09:00:00,42.5,xgb[maps+prof],26.917377471923828,28.36145704585419,13.524999999999999
240,SG_TO_MY,2026-09-24T09:10:00,39.46666666666667,xgb[maps+prof],26.782808303833008,29.12231446582671,13.583333333333334
240,SG_TO_MY,2026-09-24T09:20:00,38.575,xgb[maps+prof],27.612163543701172,30.11916339513729,13.616666666666667
240,SG_TO_MY,2026-09-24T09:30:00,36.925,xgb[maps+prof],29.254369735717773,31.359014232679833,13.675
240,SG_TO_MY,2026-09-24T09:40:00,36.333333333333336,xgb[maps+prof],31.45370101928711,32.81803218014394,13.833333333333332
240,SG_TO_MY,2026-09-24T09:50:00,40.650000000000006,xgb[maps+prof],34.296932220458984,34.44199589731866,14.175
240,SG_TO_MY,2026-09-24T10:00:00,43.43333333333334,xgb[maps+prof],39.63859939575195,36.15010877273206,14.166666666666668
240,SG_TO_MY,2026-09-24T10:10:00,42.99166666666667,xgb[maps+prof],38.12061309814453,37.8418262952308,14.541666666666668
240,SG_TO_MY,2026-09-24T10:20:00,47.53333333333333,xgb[maps+prof],38.14543533325195,39.406020254115546,15.383333333333333
240,SG_TO_MY,2026-09-24T10:30:00,52.24166666666666,xgb[maps+prof],40.90489196777344,40.73153024067922,16.208333333333336
240,SG_TO_MY,2026-09-24T10:40:00,57.25,xgb[maps+prof],42.20217514038086,41.71798681990063,17.666666666666668
240,SG_TO_MY,2026-09-24T10:50:00,47.56666666666666,xgb[maps+prof],46.12187957763672,42.28574865718036,19.96666666666667
240,SG_TO_MY,2026-09-24T11:00:00,39.675,xgb[maps+prof],47.301239013671875,42.38388352359409,22.916666666666668
240,SG_TO_MY,2026-09-24T11:10:00,37.233333333333334,xgb[maps+prof],47.02266311645508,41.99533125525349,23.683333333333334
240,SG_TO_MY,2026-09-24T11:20:00,37.90833333333333,xgb[maps+prof],44.35553741455078,41.13869228481566,20.84166666666667
240,SG_TO_MY,2026-09-24T11:30:00,36.53333333333333,xgb[maps+prof],40.73250198364258,39.86645388599051,21.375
240,SG_TO_MY,2026-09-24T11:40:00,30.96666666666667,xgb[maps+prof],41.34650802612305,38.259856033327594,23.425
240,SG_TO_MY,2026-09-24T11:50:00,26.78333333333333,xgb[maps+prof],40.381919860839844,36.42096552816898,28.266666666666666
240,SG_TO_MY,2026-09-24T12:00:00,24.025,xgb[maps+prof],34.92108154296875,34.4628291412978,33.141666666666666
240,SG_TO_MY,2026-09-24T12:10:00,22.883333333333333,xgb[maps+prof],33.67692947387695,32.49877977979244,35.16666666666667
240,SG_TO_MY,2026-09-24T12:20:00,21.7,xgb[maps+prof],30.143970489501953,30.63205131105296,32.15833333333333
240,SG_TO_MY,2026-09-24T12:30:00,23.633333333333333,xgb[maps+prof],32.208499908447266,28.946808919009598,36.90833333333333
240,SG_TO_MY,2026-09-24T12:40:00,23.258333333333333,xgb[maps+prof],31.605316162109375,27.501529003882787,39.54166666666667
240,SG_TO_MY,2026-09-24T12:50:00,22.21666666666667,xgb[maps+prof],32.06168746948242,26.325386211990576,38.775
240,SG_TO_MY,2026-09-24T13:00:00,24.15,xgb[maps+prof],34.73875045776367,25.417957579450167,42.5
240,SG_TO_MY,2026-09-24T13:10:00,22.775,xgb[maps+prof],34.04119873046875,24.75217541012116,39.46666666666667
240,SG_TO_MY,2026-09-24T13:20:00,21.941666666666666,xgb[maps+prof],31.945600509643555,24.280095099881947,38.575
240,SG_TO_MY,2026-09-24T13:30:00,23.066666666666666,xgb[maps+prof],30.443025588989258,23.94073357663227,36.925
240,SG_TO_MY,2026-09-24T13:40:00,24.6,xgb[maps+prof],30.750791549682617,23.669013578084932,36.333333333333336
240,SG_TO_MY,2026-09-24T13:50:00,26.03333333333333,xgb[maps+prof],30.18131446838379,23.404743114881,40.650000000000006
240,SG_TO_MY,2026-09-24T14:00:00,23.825,xgb[maps+prof],28.419097900390625,23.100579097388906,43.43333333333334
240,SG_TO_MY,2026-09-24T14:10:00,24.433333333333334,xgb[maps+prof],25.555221557617188,22.728065439568322,42.99166666666667
240,SG_TO_MY,2026-09-24T14:20:00,25.225,xgb[maps+prof],27.173585891723633,22.28108100629598,47.53333333333333
240,SG_TO_MY,2026-09-24T14:30:00,25.491666666666667,xgb[maps+prof],24.805980682373047,21.776351584621285,52.24166666666666
240,SG_TO_MY,2026-09-24T14:40:00,23.80833333333333,xgb[maps+prof],25.97530746459961,21.251034318024956,57.25
240,SG_TO_MY,2026-09-24T14:50:00,23.116666666666667,xgb[maps+prof],23.503164291381836,20.75773064479712,47.56666666666666
240,SG_TO_MY,2026-09-24T15:00:00,23.516666666666666,xgb[maps+prof],21.201766967773438,20.357583834684455,39.675
240,SG_TO_MY,2026-09-24T15:10:00,23.975,xgb[maps+prof],22.050125122070312,20.112334856656993,37.233333333333334
240,SG_TO_MY,2026-09-24T15:20:00,21.475,xgb[maps+prof],21.67313003540039,20.076320770734174,37.90833333333333
240,SG_TO_MY,2026-09-24T15:30:00,21.116666666666667,xgb[maps+prof],21.3198184967041,20.28939130540064,36.53333333333333
240,SG_TO_MY,2026-09-24T15:40:00,19.65,xgb[maps+prof],21.29897117614746,20.771594192962258,30.96666666666667
240,SG_TO_MY,2026-09-24T15:50:00,20.875,xgb[maps+prof],20.52431869506836,21.52025446339701,26.78333333333333
240,SG_TO_MY,2026-09-24T16:00:00,19.866666666666667,xgb[maps+prof],19.865650177001953,22.509775311539407,24.025
240,SG_TO_MY,2026-09-24T16:10:00,21.625,xgb[maps+prof],20.49041748046875,23.6941547772937,22.883333333333333
240,SG_TO_MY,2026-09-24T16:20:00,23.925,xgb[maps+prof],21.624162673950195,25.01188368398519,21.7
240,SG_TO_MY,2026-09-24T16:30:00,25.78333333333333,xgb[maps+prof],23.476787567138672,26.39260552966572,23.633333333333333
240,SG_TO_MY,2026-09-24T16:40:00,28.483333333333334,xgb[maps+prof],25.404251098632812,27.764712165755526,23.258333333333333
240,SG_TO_MY,2026-09-24T16:50:00,29.025,xgb[maps+prof],26.673587799072266,29.06294434390175,22.21666666666667
240,SG_TO_MY,2026-09-24T17:00:00,28.433333333333334,xgb[maps+prof],29.457775115966797,30.235075320437723,24.15
240,SG_TO_MY,2026-09-24T17:10:00,29.491666666666667,xgb[maps+prof],31.015350341796875,31.246876647088463,22.775
240,SG_TO_MY,2026-09-24T17:20:00,33.11666666666667,xgb[maps+prof],33.354801177978516,32.08478256414113,21.941666666666666
240,SG_TO_MY,2026-09-24T17:30:00,30.924999999999997,xgb[maps+prof],34.45334243774414,32.755956060165374,23.066666666666666
240,SG_TO_MY,2026-09-24T17:40:00,27.758333333333333,xgb[maps+prof],34.44330978393555,33.285780491548955,24.6
240,SG_TO_MY,2026-09-24T17:50:00,29.275,xgb[maps+prof],35.647857666015625,33.713116574957525,26.03333333333333
240,SG_TO_MY,2026-09-24T18:00:00,33.083333333333336,xgb[maps+prof],35.978126525878906,34.08393729995816,23.825
240,SG_TO_MY,2026-09-24T18:10:00,36.3,xgb[maps+prof],36.4999885559082,34.44414999880589,24.433333333333334
240,SG_TO_MY,2026-09-24T18:20:00,39.25833333333333,xgb[maps+prof],38.20428466796875,34.83251194390933,25.225
240,SG_TO_MY,2026-09-24T18:30:00,43.05,xgb[maps+prof],37.67934799194336,35.27453204188631,25.491666666666667
240,SG_TO_MY,2026-09-24T18:40:00,44.625,xgb[maps+prof],39.47161102294922,35.77812852463225,23.80833333333333
240,SG_TO_MY,2026-09-24T18:50:00,45.875,xgb[maps+prof],40.69898986816406,36.33159620875763,23.116666666666667
240,SG_TO_MY,2026-09-24T19:00:00,45.06666666666666,xgb[maps+prof],41.55860137939453,36.90415336176534,23.516666666666666
240,SG_TO_MY,2026-09-24T19:10:00,46.8,xgb[maps+prof],42.27166748046875,37.449021950952314,23.975
240,SG_TO_MY,2026-09-24T19:20:00,45.958333333333336,xgb[maps+prof],40.65424346923828,37.90868436878746,21.475
240,SG_TO_MY,2026-09-24T19:30:00,47.016666666666666,xgb[maps+prof],39.94594955444336,38.22169214478398,21.116666666666667
240,SG_TO_MY,2026-09-24T19:40:00,45.916666666666664,xgb[maps+prof],39.69121551513672,38.33020988417813,19.65
240,SG_TO_MY,2026-09-24T19:50:00,43.21666666666667,xgb[maps+prof],38.93510818481445,38.18738377563682,20.875
240,SG_TO_MY,2026-09-24T20:00:00,44.50833333333333,xgb[maps+prof],37.52462387084961,37.76363964540087,19.866666666666667
240,SG_TO_MY,2026-09-24T20:10:00,42.391666666666666,xgb[maps+prof],36.324310302734375,37.051138672903065,21.625
240,SG_TO_MY,2026-09-24T20:20:00,41.175,xgb[maps+prof],37.0685920715332,36.06583459415142,23.925
240,SG_TO_MY,2026-09-24T20:30:00,37.141666666666666,xgb[maps+prof],35.654090881347656,34.84685852030616,25.78333333333333
240,SG_TO_MY,2026-09-24T20:40:00,35.81666666666666,xgb[maps+prof],33.61796188354492,33.45327251444601,28.483333333333334
240,SG_TO_MY,2026-09-24T20:50:00,36.483333333333334,xgb[maps+prof],31.792095184326172,31.958543129298256,29.025
240,SG_TO_MY,2026-09-24T21:00:00,32.7,xgb[maps+prof],27.499942779541016,30.443354281482492,28.433333333333334
240,SG_TO_MY,2026-09-24T21:10:00,28.733333333333334,xgb[maps+prof],25.88572883605957,28.98757335470838,29.491666666666667
240,SG_TO_MY,2026-09-24T21:20:00,28.108333333333334,xgb[maps+prof],25.321338653564453,27.662282460269623,33.11666666666667
240,SG_TO_MY,2026-09-24T21:30:00,27.758333333333333,xgb[maps+prof],24.06072235107422,26.52277714467269,30.924999999999997
240,SG_TO_MY,2026-09-24T21:40:00,27.933333333333334,xgb[maps+prof],22.734663009643555,25.603319236178553,27.758333333333333
240,SG_TO_MY,2026-09-24T21:50:00,30.116666666666667,xgb[maps+prof],23.062389373779297,24.91422330657809,29.275
240,SG_TO_MY,2026-09-24T22:00:00,31.03333333333333,xgb[maps+prof],23.66606330871582,24.441582564828202,33.083333333333336
240,SG_TO_MY,2026-09-24T22:10:00,28.316666666666666,xgb[maps+prof],24.357452392578125,24.149632812450562,36.3
240,SG_TO_MY,2026-09-24T22:20:00,27.71666666666667,xgb[maps+prof],25.070995330810547,23.985449039636727,39.25833333333333
240,SG_TO_MY,2026-09-24T22:30:00,26.791666666666664,xgb[maps+prof],23.669662475585938,23.885404311445118,43.05
240,SG_TO_MY,2026-09-24T22:40:00,24.708333333333336,xgb[maps+prof],23.191844940185547,23.782625782509356,44.625
240,SG_TO_MY,2026-09-24T22:50:00,24.041666666666664,xgb[maps+prof],25.810575485229492,23.61458031469833,45.875
240,SG_TO_MY,2026-09-24T23:00:00,25.766666666666666,xgb[maps+prof],25.2843017578125,23.329923305668473,45.06666666666666
240,SG_TO_MY,2026-09-24T23:10:00,24.608333333333334,xgb[maps+prof],25.014970779418945,22.89384751029933,46.8
240,SG_TO_MY,2026-09-24T23:20:00,23.108333333333334,xgb[maps+prof],22.557876586914062,22.291360176962073,45.958333333333336
240,SG_TO_MY,2026-09-24T23:30:00,22.241666666666667,xgb[maps+prof],25.22275161743164,21.528172597893292,47.016666666666666
240,SG_TO_MY,2026-09-24T23:40:00,21.766666666666666,xgb[maps+prof],23.880413055419922,20.62917461951347,45.916666666666664
240,SG_TO_MY,2026-09-24T23:50:00,21.566666666666666,xgb[maps+prof],23.94154930114746,19.634752657567322,43.21666666666667
240,SG_TO_MY,2026-09-25T00:00:00,20.90833333333333,xgb[maps+prof],21.716419219970703,18.595458937188617,44.50833333333333
240,SG_TO_MY,2026-09-25T00:10:00,20.46666666666667,xgb[maps+prof],19.932353973388672,17.565722557129682,42.391666666666666
240,SG_TO_MY,2026-09-25T00:20:00,18.666666666666668,xgb[maps+prof],18.590511322021484,16.59738852420515,41.175
240,SG_TO_MY,2026-09-25T00:30:00,18.45,xgb[maps+prof],18.131284713745117,15.73386899290691,37.141666666666666
240,SG_TO_MY,2026-09-25T00:40:00,18.016666666666666,xgb[maps+prof],16.768596649169922,15.005593483601135,35.81666666666666
240,SG_TO_MY,2026-09-25T00:50:00,18.03333333333333,xgb[maps+prof],16.890323638916016,14.427265423097674,36.483333333333334
240,SG_TO_MY,2026-09-25T01:00:00,16.4,xgb[maps+prof],16.05287742614746,13.997194425775561,32.7
240,SG_TO_MY,2026-09-25T01:10:00,15.5,xgb[maps+prof],15.528337478637695,13.698707688871737,28.733333333333334
240,SG_TO_MY,2026-09-25T01:20:00,15.266666666666666,xgb[maps+prof],14.450807571411133,13.503383182948042,28.108333333333334
240,SG_TO_MY,2026-09-25T01:30:00,14.675,xgb[maps+prof],14.203118324279785,13.375624378551212,27.758333333333333
240,SG_TO_MY,2026-09-25T01:40:00,14.05,xgb[maps+prof],13.492781639099121,13.277938389541568,27.933333333333334
240,SG_TO_MY,2026-09-25T01:50:00,13.308333333333334,xgb[maps+prof],13.579662322998047,13.176205535505346,30.116666666666667
240,SG_TO_MY,2026-09-25T02:00:00,11.9,xgb[maps+prof],13.513510704040527,13.04424662260799,31.03333333333333
240,SG_TO_MY,2026-09-25T02:10:00,11.083333333333332,xgb[maps+prof],13.658360481262207,12.867101250973995,28.316666666666666
240,SG_TO_MY,2026-09-25T02:20:00,11.316666666666666,xgb[maps+prof],13.310796737670898,12.642611566178225,27.71666666666667
240,SG_TO_MY,2026-09-25T02:30:00,12.483333333333334,xgb[maps+prof],13.116023063659668,12.381137217293183,26.791666666666664
240,SG_TO_MY,2026-09-25T02:40:00,12.9,xgb[maps+prof],12.821405410766602,12.103478784609322,24.708333333333336
240,SG_TO_MY,2026-09-25T02:50:00,13.333333333333334,xgb[maps+prof],12.906058311462402,11.837326110131052,24.041666666666664
240,SG_TO_MY,2026-09-25T03:00:00,13.416666666666666,xgb[maps+prof],13.469694137573242,11.6127440096517,25.766666666666666
240,SG_TO_MY,2026-09-25T03:10:00,13.3,xgb[maps+prof],12.82331657409668,11.4573355482699,24.608333333333334
240,SG_TO_MY,2026-09-25T03:20:00,13.441666666666666,xgb[maps+prof],12.829815864562988,11.391765960253789,23.108333333333334
240,SG_TO_MY,2026-09-25T03:30:00,13.541666666666666,xgb[maps+prof],12.899127006530762,11.426282769417051,22.241666666666667
240,SG_TO_MY,2026-09-25T03:40:00,13.35,xgb[maps+prof],12.908390998840332,11.558735666148413,21.766666666666666
240,SG_TO_MY,2026-09-25T03:50:00,12.95,xgb[maps+prof],13.107696533203125,11.774400014538584,21.566666666666666
240,SG_TO_MY,2026-09-25T04:00:00,12.791666666666666,xgb[maps+prof],14.157769203186035,12.11465669869259,20.90833333333333
240,SG_TO_MY,2026-09-25T04:10:00,12.825,xgb[maps+prof],14.255539894104004,12.419881567476699,20.46666666666667
240,SG_TO_MY,2026-09-25T04:20:00,13.141666666666666,xgb[maps+prof],14.219339370727539,12.70820896966058,18.666666666666668
240,SG_TO_MY,2026-09-25T04:30:00,13.408333333333335,xgb[maps+prof],14.367855072021484,12.946028049835066,18.45
240,SG_TO_MY,2026-09-25T04:40:00,13.766666666666666,xgb[maps+prof],14.521044731140137,13.107924681835684,18.016666666666666
240,SG_TO_MY,2026-09-25T04:50:00,14.175,xgb[maps+prof],14.953990936279297,13.181047272316023,18.03333333333333
240,SG_TO_MY,2026-09-25T05:00:00,15.166666666666668,xgb[maps+prof],15.227486610412598,13.16800691060813,16.4
240,SG_TO_MY,2026-09-25T05:10:00,15.358333333333334,xgb[maps+prof],15.317004203796387,13.08786001943015,15.5
240,SG_TO_MY,2026-09-25T05:20:00,15.375,xgb[maps+prof],15.516805648803711,12.974957834929393,15.266666666666666
240,SG_TO_MY,2026-09-25T05:30:00,16.45,xgb[maps+prof],15.51163387298584,12.875717212647364,14.675
240,SG_TO_MY,2026-09-25T05:40:00,16.81666666666667,xgb[maps+prof],15.3319730758667,12.843637742898913,14.05
240,SG_TO_MY,2026-09-25T05:50:00,15.85,xgb[maps+prof],15.144315719604492,12.933126657026438,13.308333333333334
240,SG_TO_MY,2026-09-25T06:00:00,15.658333333333333,xgb[maps+prof],15.160329818725586,13.192864851765838,11.9
240,SG_TO_MY,2026-09-25T06:10:00,16.675,xgb[maps+prof],16.070619583129883,13.65953141144323,11.083333333333332
240,SG_TO_MY,2026-09-25T06:20:00,16.358333333333334,xgb[maps+prof],16.982690811157227,14.352687643743263,11.316666666666666
240,SG_TO_MY,2026-09-25T06:30:00,17.0,xgb[maps+prof],17.686203002929688,15.271504494346145,12.483333333333334
240,SG_TO_MY,2026-09-25T06:40:00,17.333333333333336,xgb[maps+prof],18.27638816833496,16.39381139918593,12.9
240,SG_TO_MY,2026-09-25T06:50:00,17.21666666666667,xgb[maps+prof],18.288551330566406,17.677673513059375,13.333333333333334
240,SG_TO_MY,2026-09-25T07:00:00,17.458333333333332,xgb[maps+prof],20.412031173706055,19.06539969138652,13.416666666666666
240,SG_TO_MY,2026-09-25T07:10:00,16.53333333333333,xgb[maps+prof],21.418115615844727,20.489582232065622,13.3
240,SG_TO_MY,2026-09-25T07:20:00,16.808333333333334,xgb[maps+prof],23.61528778076172,21.880508200362385,13.441666666666666
240,SG_TO_MY,2026-09-25T07:30:00,22.375,xgb[maps+prof],24.687843322753906,23.174094005756842,13.541666666666666
240,SG_TO_MY,2026-09-25T07:40:00,25.066666666666666,xgb[maps+prof],27.820775985717773,24.3194044012368,13.35
240,SG_TO_MY,2026-09-25T07:50:00,25.958333333333332,xgb[maps+prof],28.114585876464844,25.284837510940484,12.95
240,SG_TO_MY,2026-09-25T08:00:00,25.075,xgb[maps+prof],28.636260986328125,26.062188994049283,12.791666666666666
240,SG_TO_MY,2026-09-25T08:10:00,24.291666666666664,xgb[maps+prof],29.495641708374023,26.66803777438801,12.825
240,SG_TO_MY,2026-09-25T08:20:00,26.416666666666664,xgb[maps+prof],29.113401412963867,27.142197655861004,13.141666666666666
240,SG_TO_MY,2026-09-25T08:30:00,27.0,xgb[maps+prof],29.963098526000977,27.54331918945527,13.408333333333335
240,SG_TO_MY,2026-09-25T08:40:00,28.116666666666667,xgb[maps+prof],30.117109298706055,27.942064758116267,13.766666666666666
240,SG_TO_MY,2026-09-25T08:50:00,28.941666666666666,xgb[maps+prof],31.092992782592773,28.412576866808095,14.175
240,SG_TO_MY,2026-09-25T09:00:00,31.799999999999997,xgb[maps+prof],30.290170669555664,29.02317917152749,15.166666666666668
240,SG_TO_MY,2026-09-25T09:10:00,29.525,xgb[maps+prof],31.5401668548584,29.82736452458397,15.358333333333334
240,SG_TO_MY,2026-09-25T09:20:00,33.083333333333336,xgb[maps+prof],32.231689453125,30.856118850763075,15.375
240,SG_TO_MY,2026-09-25T09:30:00,37.35,xgb[maps+prof],34.185791015625,32.112502501422796,16.45
240,SG_TO_MY,2026-09-25T09:40:00,37.94166666666666,xgb[maps+prof],35.4786262512207,33.569174619198286,16.81666666666667
240,SG_TO_MY,2026-09-25T09:50:00,47.391666666666666,xgb[maps+prof],38.51792907714844,35.16922666723051,15.85
240,SG_TO_MY,2026-09-25T10:00:00,45.55833333333334,xgb[maps+prof],40.52176284790039,36.83032436734171,15.658333333333333
240,SG_TO_MY,2026-09-25T10:10:00,45.65833333333333,xgb[maps+prof],39.74111557006836,38.45178455021947,16.675
240,SG_TO_MY,2026-09-25T10:20:00,44.56666666666666,xgb[maps+prof],41.55634689331055,39.92387768696322,16.358333333333334
240,SG_TO_MY,2026-09-25T10:30:00,47.75833333333333,xgb[maps+prof],44.432071685791016,41.13838712746643,17.0
240,SG_TO_MY,2026-09-25T10:40:00,47.45833333333333,xgb[maps+prof],44.26040267944336,41.99930285954778,17.333333333333336
240,SG_TO_MY,2026-09-25T10:50:00,46.375,xgb[maps+prof],43.574520111083984,42.43249940286587,17.21666666666667
240,SG_TO_MY,2026-09-25T11:00:00,44.916666666666664,xgb[maps+prof],43.332435607910156,42.39334844764667,17.458333333333332
240,SG_TO_MY,2026-09-25T11:10:00,46.2,xgb[maps+prof],42.0185661315918,41.87143635861689,16.53333333333333
240,SG_TO_MY,2026-09-25T11:20:00,46.66666666666667,xgb[maps+prof],39.5262451171875,40.891870307835845,16.808333333333334
240,SG_TO_MY,2026-09-25T11:30:00,46.74166666666667,xgb[maps+prof],40.18647384643555,39.51302926719636,22.375
240,SG_TO_MY,2026-09-25T11:40:00,38.625,xgb[maps+prof],39.004817962646484,37.82100520389296,25.066666666666666
240,SG_TO_MY,2026-09-25T11:50:00,40.05,xgb[maps+prof],37.02176284790039,35.921341404832816,25.958333333333332
240,SG_TO_MY,2026-09-25T12:00:00,41.016666666666666,xgb[maps+prof],34.49186706542969,33.92896785242871,25.075
240,SG_TO_MY,2026-09-25T12:10:00,40.94166666666666,xgb[maps+prof],32.67897033691406,31.95742480680574,24.291666666666664
240,SG_TO_MY,2026-09-25T12:20:00,38.41666666666667,xgb[maps+prof],30.401819229125977,30.108533763991378,26.416666666666664
240,SG_TO_MY,2026-09-25T12:30:00,38.275000000000006,xgb[maps+prof],29.0252628326416,28.463612503460855,27.0
240,SG_TO_MY,2026-09-25T12:40:00,40.233333333333334,xgb[maps+prof],27.333017349243164,27.07714578052132,28.116666666666667
240,SG_TO_MY,2026-09-25T12:50:00,43.66666666666667,xgb[maps+prof],25.96812629699707,25.973537216791854,28.941666666666666
240,SG_TO_MY,2026-09-25T13:00:00,39.93333333333334,xgb[maps+prof],26.868478775024414,25.147214464791233,31.799999999999997
240,SG_TO_MY,2026-09-25T13:10:00,42.46666666666667,xgb[maps+prof],24.4315128326416,24.565979736723442,29.525
240,SG_TO_MY,2026-09-25T13:20:00,34.81666666666666,xgb[maps+prof],26.109830856323242,24.17713506445451,33.083333333333336
240,SG_TO_MY,2026-09-25T13:30:00,37.34166666666667,xgb[maps+prof],25.28597640991211,23.915607669875463,37.35
240,SG_TO_MY,2026-09-25T13:40:00,36.24166666666667,xgb[maps+prof],25.56651496887207,23.71308992962639,37.94166666666666
240,SG_TO_MY,2026-09-25T13:50:00,36.06666666666666,xgb[maps+prof],26.976518630981445,23.50711389478545,47.391666666666666
240,SG_TO_MY,2026-09-25T14:00:00,33.458333333333336,xgb[maps+prof],26.549407958984375,23.249011729593146,45.55833333333334
240,SG_TO_MY,2026-09-25T14:10:00,34.49166666666667,xgb[maps+prof],26.448877334594727,22.90986557121578,45.65833333333333
240,SG_TO_MY,2026-09-25T14:20:00,35.775,xgb[maps+prof],25.82234001159668,22.483803959304755,44.56666666666666
240,SG_TO_MY,2026-09-25T14:30:00,37.608333333333334,xgb[maps+prof],25.818981170654297,21.98832624034587,47.75833333333333
240,SG_TO_MY,2026-09-25T14:40:00,34.858333333333334,xgb[maps+prof],25.34457015991211,21.461692363661466,47.45833333333333
240,SG_TO_MY,2026-09-25T14:50:00,34.70833333333333,xgb[maps+prof],25.02452850341797,20.95776107806643,46.375
240,SG_TO_MY,2026-09-25T15:00:00,36.425,xgb[maps+prof],23.823530197143555,20.53895420840759,44.916666666666664
240,SG_TO_MY,2026-09-25T15:10:00,40.15833333333333,xgb[maps+prof],25.181840896606445,20.268234374155096,46.2
240,SG_TO_MY,2026-09-25T15:20:00,38.675,xgb[maps+prof],24.009239196777344,20.201084549055317,46.66666666666667
240,SG_TO_MY,2026-09-25T15:30:00,37.21666666666667,xgb[maps+prof],25.2268009185791,20.378459709216003,46.74166666666667
240,SG_TO_MY,2026-09-25T15:40:00,32.975,xgb[maps+prof],24.87153434753418,20.821547186573632,38.625
240,SG_TO_MY,2026-09-25T15:50:00,31.78333333333333,xgb[maps+prof],26.446645736694336,21.528940632957287,40.05
240,SG_TO_MY,2026-09-25T16:00:00,33.275,xgb[maps+prof],25.569232940673828,22.47653160497309,41.016666666666666
240,SG_TO_MY,2026-09-25T16:10:00,37.06666666666666,xgb[maps+prof],28.893566131591797,23.620089560076583,40.94166666666666
240,SG_TO_MY,2026-09-25T16:20:00,37.725,xgb[maps+prof],30.985490798950195,24.900175864555514,38.41666666666667
240,SG_TO_MY,2026-09-25T16:30:00,37.391666666666666,xgb[maps+prof],32.90016555786133,26.248759257024158,38.275000000000006
240,SG_TO_MY,2026-09-25T16:40:00,37.63333333333333,xgb[maps+prof],35.398494720458984,27.596702081605557,40.233333333333334
240,SG_TO_MY,2026-09-25T16:50:00,36.86666666666667,xgb[maps+prof],40.046939849853516,28.881191586717986,43.66666666666667
240,SG_TO_MY,2026-09-25T17:00:00,36.583333333333336,xgb[maps+prof],38.48964309692383,30.052209157567937,39.93333333333334
240,SG_TO_MY,2026-09-25T17:10:00,38.141666666666666,xgb[maps+prof],41.345115661621094,31.077259222945514,42.46666666666667
240,SG_TO_MY,2026-09-25T17:20:00,38.88333333333333,xgb[maps+prof],37.798919677734375,31.943802182992375,34.81666666666666
240,SG_TO_MY,2026-09-25T17:30:00,43.141666666666666,xgb[maps+prof],40.83678436279297,32.65912428363404,37.34166666666667
240,SG_TO_MY,2026-09-25T17:40:00,45.266666666666666,xgb[maps+prof],39.512725830078125,33.24769637499605,36.24166666666667
240,SG_TO_MY,2026-09-25T17:50:00,47.483333333333334,xgb[maps+prof],40.18132019042969,33.746383944425844,36.06666666666666
240,SG_TO_MY,2026-09-25T18:00:00,53.625,xgb[maps+prof],38.431949615478516,34.19813498792168,33.458333333333336
240,SG_TO_MY,2026-09-25T18:10:00,57.075,xgb[maps+prof],39.74053955078125,34.64495826581661,34.49166666666667
240,SG_TO_MY,2026-09-25T18:20:00,53.46666666666667,xgb[maps+prof],41.27784729003906,35.12108999817565,35.775
240,SG_TO_MY,2026-09-25T18:30:00,59.7,xgb[maps+prof],42.90320587158203,35.64722208171462,37.608333333333334
240,SG_TO_MY,2026-09-25T18:40:00,56.641666666666666,xgb[maps+prof],43.15195846557617,36.226532863579784,34.858333333333334
240,SG_TO_MY,2026-09-25T18:50:00,55.70833333333333,xgb[maps+prof],45.946006774902344,36.843038749023705,34.70833333333333
240,SG_TO_MY,2026-09-25T19:00:00,55.36666666666667,xgb[maps+prof],47.3660888671875,37.462498733177505,36.425
240,SG_TO_MY,2026-09-25T19:10:00,53.50833333333333,xgb[maps+prof],48.55757141113281,38.03578920245329,40.15833333333333
240,SG_TO_MY,2026-09-25T19:20:00,53.81666666666667,xgb[maps+prof],47.620731353759766,38.504361272052584,38.675
240,SG_TO_MY,2026-09-25T19:30:00,48.03333333333333,xgb[maps+prof],47.960880279541016,38.807134467693416,37.21666666666667
240,SG_TO_MY,2026-09-25T19:40:00,41.81666666666666,xgb[maps+prof],47.39016342163086,38.887999958925526,32.975
240,SG_TO_MY,2026-09-25T19:50:00,39.900000000000006,xgb[maps+prof],44.577816009521484,38.70302558321407,31.78333333333333
240,SG_TO_MY,2026-09-25T20:00:00,40.733333333333334,xgb[maps+prof],42.8580322265625,38.2264832870294,33.275
240,SG_TO_MY,2026-09-25T20:10:00,39.20833333333333,xgb[maps+prof],43.8125114440918,37.454953893139624,37.06666666666666
240,SG_TO_MY,2026-09-25T20:20:00,38.983333333333334,xgb[maps+prof],42.748477935791016,36.40898810133707,37.725
240,SG_TO_MY,2026-09-25T20:30:00,34.358333333333334,xgb[maps+prof],39.620399475097656,35.132089429457906,37.391666666666666
240,SG_TO_MY,2026-09-25T20:40:00,35.958333333333336,xgb[maps+prof],38.056087493896484,33.68710002798602,37.63333333333333
240,SG_TO_MY,2026-09-25T20:50:00,32.46666666666667,xgb[maps+prof],37.06257247924805,32.15037627343896,36.86666666666667
240,SG_TO_MY,2026-09-25T21:00:00,33.075,xgb[maps+prof],33.422950744628906,30.604401309688697,36.583333333333336
240,SG_TO_MY,2026-09-25T21:10:00,30.383333333333333,xgb[maps+prof],32.51318359375,29.129665403694474,38.141666666666666
240,SG_TO_MY,2026-09-25T21:20:00,29.44166666666667,xgb[maps+prof],30.680400848388672,27.796730523473897,38.88333333333333
240,SG_TO_MY,2026-09-25T21:30:00,30.683333333333334,xgb[maps+prof],32.338321685791016,26.659373154888282,43.141666666666666
240,SG_TO_MY,2026-09-25T21:40:00,30.46666666666667,xgb[maps+prof],32.10995101928711,25.7495721976215,45.266666666666666
240,SG_TO_MY,2026-09-25T21:50:00,29.525,xgb[maps+prof],31.967077255249023,25.07489244457056,47.483333333333334
240,SG_TO_MY,2026-09-25T22:00:00,28.65,xgb[maps+prof],35.80570602416992,24.61853481135333,53.625
240,SG_TO_MY,2026-09-25T22:10:00,25.549999999999997,xgb[maps+prof],38.307640075683594,24.342015637559527,57.075
240,SG_TO_MY,2026-09-25T22:20:00,26.366666666666667,xgb[maps+prof],34.27846908569336,24.190135796580496,53.46666666666667
240,SG_TO_MY,2026-09-25T22:30:00,25.775,xgb[maps+prof],34.32118606567383,24.097641638784165,59.7
240,SG_TO_MY,2026-09-25T22:40:00,25.016666666666666,xgb[maps+prof],34.70392608642578,23.996794148784858,56.641666666666666
240,SG_TO_MY,2026-09-25T22:50:00,23.95,xgb[maps+prof],33.854312896728516,23.8249713190882,55.70833333333333
240,SG_TO_MY,2026-09-25T23:00:00,24.908333333333335,xgb[maps+prof],32.00726318359375,23.531441357456913,55.36666666666667
240,SG_TO_MY,2026-09-25T23:10:00,25.333333333333332,xgb[maps+prof],32.620452880859375,23.082558141506162,53.50833333333333
240,SG_TO_MY,2026-09-25T23:20:00,24.25,xgb[maps+prof],28.463560104370117,22.46483040886502,53.81666666666667
240,SG_TO_MY,2026-09-25T23:30:00,25.766666666666666,xgb[maps+prof],27.192584991455078,21.685577439783522,48.03333333333333
240,SG_TO_MY,2026-09-25T23:40:00,25.458333333333336,xgb[maps+prof],26.78609275817871,20.771174307804934,41.81666666666666
240,SG_TO_MY,2026-09-25T23:50:00,25.333333333333332,xgb[maps+prof],25.79737091064453,19.763173894690688,39.900000000000006
240,SG_TO_MY,2026-09-26T00:00:00,23.616666666666667,xgb[maps+prof],25.858518600463867,20.89677356595192,40.733333333333334
240,SG_TO_MY,2026-09-26T00:10:00,22.441666666666666,xgb[maps+prof],24.85932159423828,21.168736440661192,39.20833333333333
240,SG_TO_MY,2026-09-26T00:20:00,22.833333333333336,xgb[maps+prof],23.87268829345703,21.24908687053832,38.983333333333334
240,SG_TO_MY,2026-09-26T00:30:00,21.991666666666667,xgb[maps+prof],23.56641387939453,21.105676619233968,34.358333333333334
240,SG_TO_MY,2026-09-26T00:40:00,22.425,xgb[maps+prof],22.312097549438477,20.727379878196448,35.958333333333336
240,SG_TO_MY,2026-09-26T00:50:00,21.691666666666666,xgb[maps+prof],20.965709686279297,20.124593004984188,32.46666666666667
240,SG_TO_MY,2026-09-26T01:00:00,21.116666666666667,xgb[maps+prof],20.195308685302734,19.327690438263584,33.075
240,SG_TO_MY,2026-09-26T01:10:00,22.566666666666666,xgb[maps+prof],19.37581443786621,18.383657171498957,30.383333333333333
240,SG_TO_MY,2026-09-26T01:20:00,20.09166666666667,xgb[maps+prof],17.572494506835938,17.35128484435369,29.44166666666667
240,SG_TO_MY,2026-09-26T01:30:00,16.641666666666666,xgb[maps+prof],16.885347366333008,16.295441580370365,30.683333333333334
240,SG_TO_MY,2026-09-26T01:40:00,15.641666666666666,xgb[maps+prof],16.51942253112793,15.280995131783193,30.46666666666667
240,SG_TO_MY,2026-09-26T01:50:00,15.141666666666666,xgb[maps+prof],15.383645057678223,14.366980280346246,29.525
240,SG_TO_MY,2026-09-26T02:00:00,14.058333333333334,xgb[maps+prof],14.731051445007324,13.601556155598102,28.65
240,SG_TO_MY,2026-09-26T02:10:00,13.258333333333333,xgb[maps+prof],13.903592109680176,13.018203891762685,25.549999999999997
240,SG_TO_MY,2026-09-26T02:20:00,13.1,xgb[maps+prof],13.782060623168945,12.63348100672789,26.366666666666667
240,SG_TO_MY,2026-09-26T02:30:00,14.366666666666667,xgb[maps+prof],13.822758674621582,12.446490338943152,25.775
240,SG_TO_MY,2026-09-26T02:40:00,15.066666666666666,xgb[maps+prof],13.63864517211914,12.440054214110768,25.016666666666666
240,SG_TO_MY,2026-09-26T02:50:00,15.116666666666667,xgb[maps+prof],13.473435401916504,12.583424643738972,23.95
240,SG_TO_MY,2026-09-26T03:00:00,14.491666666666667,xgb[maps+prof],13.391660690307617,12.836222218283595,24.908333333333335
240,SG_TO_MY,2026-09-26T03:10:00,14.025,xgb[maps+prof],13.591262817382812,13.15319165521427,25.333333333333332
240,SG_TO_MY,2026-09-26T03:20:00,13.916666666666666,xgb[maps+prof],13.71639633178711,13.489298757815783,24.25
240,SG_TO_MY,2026-09-26T03:30:00,14.316666666666666,xgb[maps+prof],14.745073318481445,13.804675735506907,25.766666666666666
240,SG_TO_MY,2026-09-26T03:40:00,13.991666666666667,xgb[maps+prof],14.946824073791504,14.068949078832542,25.458333333333336
240,SG_TO_MY,2026-09-26T03:50:00,14.933333333333334,xgb[maps+prof],14.971282958984375,14.264552165591173,25.333333333333332
240,SG_TO_MY,2026-09-26T04:00:00,16.041666666666668,xgb[maps+prof],15.689486503601074,14.38858738760182,23.616666666666667
240,SG_TO_MY,2026-09-26T04:10:00,16.75,xgb[maps+prof],15.74584674835205,14.453845047747848,22.441666666666666
240,SG_TO_MY,2026-09-26T04:20:00,17.71666666666667,xgb[maps+prof],15.686267852783203,14.487110558125224,22.833333333333336
240,SG_TO_MY,2026-09-26T04:30:00,18.025,xgb[maps+prof],16.024988174438477,14.52716721497626,21.991666666666667
240,SG_TO_MY,2026-09-26T04:40:00,18.433333333333334,xgb[maps+prof],15.986245155334473,14.621057457851833,22.425
240,SG_TO_MY,2026-09-26T04:50:00,18.2,xgb[maps+prof],16.89715003967285,14.819574913166386,21.691666666666666
240,SG_TO_MY,2026-09-26T05:00:00,18.758333333333333,xgb[maps+prof],17.846282958984375,15.172277906323924,21.116666666666667
240,SG_TO_MY,2026-09-26T05:10:00,19.825,xgb[maps+prof],18.81499481201172,15.722461795948897,22.566666666666666
240,SG_TO_MY,2026-09-26T05:20:00,21.483333333333334,xgb[maps+prof],20.13314437866211,16.50253055080605,20.09166666666667
240,SG_TO_MY,2026-09-26T05:30:00,22.483333333333334,xgb[maps+prof],21.101699829101562,17.53017537897334,16.641666666666666
240,SG_TO_MY,2026-09-26T05:40:00,22.19166666666667,xgb[maps+prof],23.46428108215332,18.805703110007656,15.641666666666666
240,SG_TO_MY,2026-09-26T05:50:00,23.766666666666666,xgb[maps+prof],24.203014373779297,20.310764857155306,15.141666666666666
240,SG_TO_MY,2026-09-26T06:00:00,28.008333333333333,xgb[maps+prof],25.12525177001953,22.008623474452946,14.058333333333334
240,SG_TO_MY,2026-09-26T06:10:00,28.441666666666666,xgb[maps+prof],28.149301528930664,23.845974961372832,13.258333333333333
240,SG_TO_MY,2026-09-26T06:20:00,31.81666666666667,xgb[maps+prof],31.489011764526367,25.756213436684124,13.1
240,SG_TO_MY,2026-09-26T06:30:00,38.24166666666667,xgb[maps+prof],33.40779495239258,27.663910896573412,14.366666666666667
240,SG_TO_MY,2026-09-26T06:40:00,36.75833333333333,xgb[maps+prof],36.72507095336914,29.490180524203367,15.066666666666666
240,SG_TO_MY,2026-09-26T06:50:00,45.291666666666664,xgb[maps+prof],39.23643112182617,31.158513661048133,15.116666666666667
240,SG_TO_MY,2026-09-26T07:00:00,47.93333333333334,xgb[maps+prof],43.31648635864258,32.60063201454542,14.491666666666667
240,SG_TO_MY,2026-09-26T07:10:00,44.74166666666666,xgb[maps+prof],39.892826080322266,33.761882650389495,14.025
240,SG_TO_MY,2026-09-26T07:20:00,40.2,xgb[maps+prof],42.59784698486328,34.60572589087768,13.916666666666666
240,SG_TO_MY,2026-09-26T07:30:00,41.61666666666667,xgb[maps+prof],43.27680969238281,35.11692495358268,14.316666666666666
240,SG_TO_MY,2026-09-26T07:40:00,42.791666666666664,xgb[maps+prof],43.525718688964844,35.30313789277237,13.991666666666667
240,SG_TO_MY,2026-09-26T07:50:00,41.425,xgb[maps+prof],43.53207778930664,35.19473140667801,14.933333333333334
240,SG_TO_MY,2026-09-26T08:00:00,43.95,xgb[maps+prof],42.426151275634766,34.84277421789187,16.041666666666668
240,SG_TO_MY,2026-09-26T08:10:00,49.375,xgb[maps+prof],42.50834655761719,34.315314936894126,16.75
240,SG_TO_MY,2026-09-26T08:20:00,50.15,xgb[maps+prof],45.45841979980469,33.69219416549543,17.71666666666667
240,SG_TO_MY,2026-09-26T08:30:00,47.63333333333333,xgb[maps+prof],44.54128646850586,33.05877114465609,18.025
240,SG_TO_MY,2026-09-26T08:40:00,45.55,xgb[maps+prof],42.85520553588867,32.499049959396935,18.433333333333334
240,SG_TO_MY,2026-09-26T08:50:00,41.25,xgb[maps+prof],41.0859489440918,32.08875904229087,18.2
240,SG_TO_MY,2026-09-26T09:00:00,47.150000000000006,xgb[maps+prof],40.81089401245117,31.88896270655003,18.758333333333333
240,SG_TO_MY,2026-09-26T09:10:00,47.69166666666666,xgb[maps+prof],40.129581451416016,31.94076017867198,19.825
240,SG_TO_MY,2026-09-26T09:20:00,43.775,xgb[maps+prof],39.293399810791016,32.26155548530376,21.483333333333334
240,SG_TO_MY,2026-09-26T09:30:00,38.94166666666666,xgb[maps+prof],40.00179672241211,32.84326424520609,22.483333333333334
240,SG_TO_MY,2026-09-26T09:40:00,38.733333333333334,xgb[maps+prof],39.28675842285156,33.65266885594789,22.19166666666667
240,SG_TO_MY,2026-09-26T09:50:00,44.13333333333333,xgb[maps+prof],39.391361236572266,34.633953533898094,23.766666666666666
240,SG_TO_MY,2026-09-26T10:00:00,49.608333333333334,xgb[maps+prof],43.1526985168457,35.71325999687505,28.008333333333333
240,SG_TO_MY,2026-09-26T10:10:00,48.599999999999994,xgb[maps+prof],40.65312576293945,36.80491997338993,28.441666666666666
240,SG_TO_MY,2026-09-26T10:20:00,48.175,xgb[maps+prof],42.79457473754883,37.81885930389652,31.81666666666667
240,SG_TO_MY,2026-09-26T10:30:00,48.125,xgb[maps+prof],46.87981414794922,38.66854611089772,38.24166666666667
240,SG_TO_MY,2026-09-26T10:40:00,53.74166666666667,xgb[maps+prof],47.63816833496094,39.27878551630429,36.75833333333333
240,SG_TO_MY,2026-09-26T10:50:00,54.141666666666666,xgb[maps+prof],47.300819396972656,39.59265461244814,45.291666666666664
240,SG_TO_MY,2026-09-26T11:00:00,50.05,xgb[maps+prof],44.526214599609375,39.57692744112042,47.93333333333334
240,SG_TO_MY,2026-09-26T11:10:00,47.583333333333336,xgb[maps+prof],47.1622200012207,39.22545819435054,44.74166666666666
240,SG_TO_MY,2026-09-26T11:20:00,50.0,xgb[maps+prof],45.15081024169922,38.56016321069312,40.2
240,SG_TO_MY,2026-09-26T11:30:00,48.958333333333336,xgb[maps+prof],43.39350128173828,37.6294544950361,41.61666666666667
240,SG_TO_MY,2026-09-26T11:40:00,45.608333333333334,xgb[maps+prof],43.830787658691406,36.504210834377034,42.791666666666664
240,SG_TO_MY,2026-09-26T11:50:00,42.90833333333333,xgb[maps+prof],42.53300857543945,35.2716056276615,41.425
240,SG_TO_MY,2026-09-26T12:00:00,47.525,xgb[maps+prof],42.21549987792969,34.027320910263114,43.95
240,SG_TO_MY,2026-09-26T12:10:00,44.75,xgb[maps+prof],42.81710433959961,32.86684363466675,49.375
240,SG_TO_MY,2026-09-26T12:20:00,43.775,xgb[maps+prof],40.51868438720703,31.87664541359081,50.15
240,SG_TO_MY,2026-09-26T12:30:00,40.733333333333334,xgb[maps+prof],41.371150970458984,31.12607833772831,47.63333333333333
240,SG_TO_MY,2026-09-26T12:40:00,37.28333333333333,xgb[maps+prof],39.06929016113281,30.660771647711773,45.55
240,SG_TO_MY,2026-09-26T12:50:00,35.733333333333334,xgb[maps+prof],36.99153518676758,30.498189091811746,41.25
240,SG_TO_MY,2026-09-26T13:00:00,34.04166666666667,xgb[maps+prof],40.889068603515625,30.625814560120556,47.150000000000006
240,SG_TO_MY,2026-09-26T13:10:00,32.475,xgb[maps+prof],40.664833068847656,31.00219086991742,47.69166666666666
240,SG_TO_MY,2026-09-26T13:20:00,31.641666666666666,xgb[maps+prof],38.6234245300293,31.56076575119628,43.775
240,SG_TO_MY,2026-09-26T13:30:00,32.225,xgb[maps+prof],38.40427017211914,32.216225994309994,38.94166666666666
240,SG_TO_MY,2026-09-26T13:40:00,34.125,xgb[maps+prof],40.52059555053711,32.87275221103623,38.733333333333334
240,SG_TO_MY,2026-09-26T13:50:00,34.2,xgb[maps+prof],44.19371032714844,33.433427875828514,44.13333333333333
240,SG_TO_MY,2026-09-26T14:00:00,35.13333333333333,xgb[maps+prof],45.97609329223633,33.80990812782528,49.608333333333334
240,SG_TO_MY,2026-09-26T14:10:00,35.95833333333333,xgb[maps+prof],47.802486419677734,33.93141059113309,48.599999999999994
240,SG_TO_MY,2026-09-26T14:20:00,40.766666666666666,xgb[maps+prof],48.6373405456543,33.75213844035129,48.175
240,SG_TO_MY,2026-09-26T14:30:00,35.06666666666666,xgb[maps+prof],43.79383087158203,33.256382354889325,48.125
240,SG_TO_MY,2026-09-26T14:40:00,35.30833333333334,xgb[maps+prof],42.24068069458008,32.460761207455036,53.74166666666667
240,SG_TO_MY,2026-09-26T14:50:00,37.44166666666666,xgb[maps+prof],38.87207794189453,31.413331714150914,54.141666666666666
240,SG_TO_MY,2026-09-26T15:00:00,35.36666666666666,xgb[maps+prof],36.163387298583984,30.189599098128387,50.05
240,SG_TO_MY,2026-09-26T15:10:00,37.108333333333334,xgb[maps+prof],35.251983642578125,28.88576469444627,47.583333333333336
240,SG_TO_MY,2026-09-26T15:20:00,35.475,xgb[maps+prof],34.55422592163086,27.609822211805106,50.0
240,SG_TO_MY,2026-09-26T15:30:00,34.44166666666666,xgb[maps+prof],35.11031723022461,26.471334220919157,48.958333333333336
240,SG_TO_MY,2026-09-26T15:40:00,34.04166666666667,xgb[maps+prof],31.329444885253906,25.57086166763219,45.608333333333334
240,SG_TO_MY,2026-09-26T15:50:00,33.81666666666666,xgb[maps+prof],31.144758224487305,24.990066657731152,42.90833333333333
240,SG_TO_MY,2026-09-26T16:00:00,33.84166666666667,xgb[maps+prof],33.31892776489258,24.78345646415927,47.525
240,SG_TO_MY,2026-09-26T16:10:00,35.69166666666666,xgb[maps+prof],32.780906677246094,24.972588622300144,44.75
240,SG_TO_MY,2026-09-26T16:20:00,35.63333333333334,xgb[maps+prof],33.15569305419922,25.543326711306705,43.775
240,SG_TO_MY,2026-09-26T16:30:00,35.150000000000006,xgb[maps+prof],35.60479736328125,26.446445961234247,40.733333333333334
240,SG_TO_MY,2026-09-26T16:40:00,38.983333333333334,xgb[maps+prof],33.939537048339844,27.601565418219337,37.28333333333333
240,SG_TO_MY,2026-09-26T16:50:00,41.974999999999994,xgb[maps+prof],35.054683685302734,28.904060734307365,35.733333333333334
240,SG_TO_MY,2026-09-26T17:00:00,40.224999999999994,xgb[maps+prof],33.207420349121094,30.234320687456524,34.04166666666667
240,SG_TO_MY,2026-09-26T17:10:00,39.65833333333333,xgb[maps+prof],34.94660949707031,31.468480282295634,32.475
240,SG_TO_MY,2026-09-26T17:20:00,43.3,xgb[maps+prof],35.84659194946289,32.4896168207868,31.641666666666666
240,SG_TO_MY,2026-09-26T17:30:00,41.66666666666667,xgb[maps+prof],34.45564651489258,33.19834747095925,32.225
240,SG_TO_MY,2026-09-26T17:40:00,39.975,xgb[maps+prof],34.67390441894531,33.52182259608421,34.125
240,SG_TO_MY,2026-09-26T17:50:00,38.61666666666667,xgb[maps+prof],34.45378112792969,33.42026308371073,34.2
240,SG_TO_MY,2026-09-26T18:00:00,37.525,xgb[maps+prof],35.8585319519043,32.890426955181404,35.13333333333333
240,SG_TO_MY,2026-09-26T18:10:00,38.95,xgb[maps+prof],35.7664680480957,31.96568716186933,35.95833333333333
240,SG_TO_MY,2026-09-26T18:20:00,37.50833333333333,xgb[maps+prof],34.9384765625,30.712729277638452,40.766666666666666
240,SG_TO_MY,2026-09-26T18:30:00,37.7,xgb[maps+prof],31.708585739135742,29.22520242213075,35.06666666666666
240,SG_TO_MY,2026-09-26T18:40:00,36.24166666666667,xgb[maps+prof],31.87379264831543,27.61494716609317,35.30833333333334
240,SG_TO_MY,2026-09-26T18:50:00,35.275000000000006,xgb[maps+prof],32.279685974121094,26.001651905967435,37.44166666666666
240,SG_TO_MY,2026-09-26T19:00:00,34.95,xgb[maps+prof],31.013368606567383,24.501932194264562,35.36666666666666
240,SG_TO_MY,2026-09-26T19:10:00,36.54166666666667,xgb[maps+prof],26.92462158203125,23.218872324423018,37.108333333333334
240,SG_TO_MY,2026-09-26T19:20:00,34.625,xgb[maps+prof],26.448474884033203,22.23301154836976,35.475
240,SG_TO_MY,2026-09-26T19:30:00,33.016666666666666,xgb[maps+prof],24.22362518310547,21.59560529134079,34.44166666666666
240,SG_TO_MY,2026-09-26T19:40:00,30.225,xgb[maps+prof],23.225271224975586,21.32476068550384,34.04166666666667
240,SG_TO_MY,2026-09-26T19:50:00,29.40833333333333,xgb[maps+prof],23.054841995239258,21.404759445102577,33.81666666666666
240,SG_TO_MY,2026-09-26T20:00:00,26.93333333333333,xgb[maps+prof],22.376941680908203,21.788568551077905,33.84166666666667
240,SG_TO_MY,2026-09-26T20:10:00,28.891666666666666,xgb[maps+prof],23.76570701599121,22.403231640101854,35.69166666666666
240,SG_TO_MY,2026-09-26T20:20:00,26.441666666666666,xgb[maps+prof],24.681278228759766,23.157561696881437,35.63333333333334
240,SG_TO_MY,2026-09-26T20:30:00,27.84166666666667,xgb[maps+prof],26.200593948364258,23.95134493988592,35.150000000000006
240,SG_TO_MY,2026-09-26T20:40:00,25.34166666666667,xgb[maps+prof],28.61101722717285,24.68513640205369,38.983333333333334
240,SG_TO_MY,2026-09-26T20:50:00,24.325000000000003,xgb[maps+prof],29.12957000732422,25.269690911458714,41.974999999999994
240,SG_TO_MY,2026-09-26T21:00:00,24.975,xgb[maps+prof],30.495031356811523,25.634130793010154,40.224999999999994
240,SG_TO_MY,2026-09-26T21:10:00,24.166666666666664,xgb[maps+prof],31.02882194519043,25.732095999924276,39.65833333333333
240,SG_TO_MY,2026-09-26T21:20:00,22.591666666666665,xgb[maps+prof],28.97295570373535,25.54533739351107,43.3
240,SG_TO_MY,2026-09-26T21:30:00,21.275,xgb[maps+prof],29.76215934753418,25.084476665369454,41.66666666666667
240,SG_TO_MY,2026-09-26T21:40:00,22.641666666666666,xgb[maps+prof],29.939477920532227,24.386939821488706,39.975
240,SG_TO_MY,2026-09-26T21:50:00,21.59166666666667,xgb[maps+prof],27.39162826538086,23.512346676107786,38.61666666666667
240,SG_TO_MY,2026-09-26T22:00:00,22.525,xgb[maps+prof],25.0285587310791,22.535879366998525,37.525
240,SG_TO_MY,2026-09-26T22:10:00,21.866666666666667,xgb[maps+prof],23.764602661132812,21.540335606315622,38.95
240,SG_TO_MY,2026-09-26T22:20:00,21.866666666666667,xgb[maps+prof],24.1384220123291,20.607680696949885,37.50833333333333
240,SG_TO_MY,2026-09-26T22:30:00,20.200000000000003,xgb[maps+prof],22.706268310546875,19.8109376158341,37.7
240,SG_TO_MY,2026-09-26T22:40:00,19.833333333333332,xgb[maps+prof],22.6323299407959,19.207196559506144,36.24166666666667
240,SG_TO_MY,2026-09-26T22:50:00,21.266666666666666,xgb[maps+prof],22.186288833618164,18.832392426270516,35.275000000000006
240,SG_TO_MY,2026-09-26T23:00:00,21.925,xgb[maps+prof],22.08705711364746,18.698306168462487,34.95
240,SG_TO_MY,2026-09-26T23:10:00,22.65,xgb[maps+prof],21.96731948852539,18.792014648176693,36.54166666666667
240,SG_TO_MY,2026-09-26T23:20:00,21.983333333333334,xgb[maps+prof],22.29910659790039,19.077767630322604,34.625
240,SG_TO_MY,2026-09-26T23:30:00,21.875,xgb[maps+prof],22.71322250366211,19.501034589445677,33.016666666666666
240,SG_TO_MY,2026-09-26T23:40:00,21.541666666666664,xgb[maps+prof],22.239408493041992,19.99426101098538,30.225
240,SG_TO_MY,2026-09-26T23:50:00,22.2,xgb[maps+prof],21.64946174621582,20.48372269827114,29.40833333333333
240,SG_TO_MY,2026-09-27T00:00:00,21.125,xgb[maps+prof],21.878604888916016,20.896780319677465,26.93333333333333
240,SG_TO_MY,2026-09-27T00:10:00,23.28333333333333,xgb[maps+prof],21.779464721679688,21.16882121917762,28.891666666666666
240,SG_TO_MY,2026-09-27T00:20:00,21.275,xgb[maps+prof],19.905675888061523,21.24923029078522,26.441666666666666
240,SG_TO_MY,2026-09-27T00:30:00,20.691666666666666,xgb[maps+prof],19.682601928710938,21.105848542018755,27.84166666666667
240,SG_TO_MY,2026-09-27T00:40:00,19.858333333333334,xgb[maps+prof],18.425695419311523,20.727543100169388,25.34166666666667
240,SG_TO_MY,2026-09-27T00:50:00,18.008333333333333,xgb[maps+prof],17.86255645751953,20.12470790184556,24.325000000000003
240,SG_TO_MY,2026-09-27T01:00:00,16.741666666666667,xgb[maps+prof],17.783761978149414,19.327719954847993,24.975
240,SG_TO_MY,2026-09-27T01:10:00,14.975000000000001,xgb[maps+prof],16.954877853393555,18.38357151655557,24.166666666666664
240,SG_TO_MY,2026-09-27T01:20:00,14.475000000000001,xgb[maps+prof],16.060882568359375,17.351065291778593,22.591666666666665
240,SG_TO_MY,2026-09-27T01:30:00,15.65,xgb[maps+prof],15.435306549072266,16.2950828978252,21.275
240,SG_TO_MY,2026-09-27T01:40:00,16.35,xgb[maps+prof],14.87059211730957,15.280506336210697,22.641666666666666
240,SG_TO_MY,2026-09-27T01:50:00,16.6,xgb[maps+prof],14.076549530029297,14.366383634764786,21.59166666666667
240,SG_TO_MY,2026-09-27T02:00:00,15.75,xgb[maps+prof],13.23725414276123,13.600884545297415,22.525
240,SG_TO_MY,2026-09-27T02:10:00,15.325,xgb[maps+prof],13.259156227111816,13.017496922332962,21.866666666666667
240,SG_TO_MY,2026-09-27T02:20:00,15.191666666666666,xgb[maps+prof],13.367406845092773,12.63278032559698,21.866666666666667
240,SG_TO_MY,2026-09-27T02:30:00,14.933333333333334,xgb[maps+prof],13.846962928771973,12.445834776477184,20.200000000000003
240,SG_TO_MY,2026-09-27T02:40:00,14.708333333333334,xgb[maps+prof],13.644474983215332,12.439475358337111,19.833333333333332
240,SG_TO_MY,2026-09-27T02:50:00,14.583333333333332,xgb[maps+prof],13.728199005126953,12.582943402536298,21.266666666666666
240,SG_TO_MY,2026-09-27T03:00:00,14.524999999999999,xgb[maps+prof],13.30593204498291,12.835846792471607,21.925
240,SG_TO_MY,2026-09-27T03:10:00,13.675,xgb[maps+prof],13.453526496887207,13.152917162202309,22.65
240,SG_TO_MY,2026-09-27T03:20:00,13.391666666666666,xgb[maps+prof],13.949239730834961,13.489108531851267,21.983333333333334
240,SG_TO_MY,2026-09-27T03:30:00,13.583333333333334,xgb[maps+prof],13.842324256896973,13.80454411433432,21.875
240,SG_TO_MY,2026-09-27T03:40:00,13.658333333333333,xgb[maps+prof],14.125575065612793,14.068845295255837,21.541666666666664
240,SG_TO_MY,2026-09-27T03:50:00,13.158333333333333,xgb[maps+prof],14.717756271362305,14.264444820392475,22.2
240,MY_TO_SG,2026-09-24T04:00:00,14.033333333333333,xgb[maps+prof],13.73762035369873,14.938259947728849,15.708333333333332
240,MY_TO_SG,2026-09-24T04:10:00,13.883333333333333,xgb[maps+prof],14.017227172851562,14.936468748582401,15.483333333333334
240,MY_TO_SG,2026-09-24T04:20:00,14.7,xgb[maps+prof],14.312406539916992,15.049012414331495,15.225000000000001
240,MY_TO_SG,2026-09-24T04:30:00,14.575,xgb[maps+prof],14.532471656799316,15.307415686353576,14.941666666666666
240,MY_TO_SG,2026-09-24T04:40:00,15.341666666666667,xgb[maps+prof],15.005179405212402,15.739357384845992,15.25
240,MY_TO_SG,2026-09-24T04:50:00,16.608333333333334,xgb[maps+prof],15.385273933410645,16.36601843417293,15.333333333333332
240,MY_TO_SG,2026-09-24T05:00:00,17.483333333333334,xgb[maps+prof],16.09365463256836,17.199709784584755,14.8
240,MY_TO_SG,2026-09-24T05:10:00,18.475,xgb[maps+prof],16.958417892456055,18.24198316023704,14.508333333333333
240,MY_TO_SG,2026-09-24T05:20:00,19.675,xgb[maps+prof],18.001201629638672,19.482398369330383,14.341666666666667
240,MY_TO_SG,2026-09-24T05:30:00,20.641666666666666,xgb[maps+prof],19.273502349853516,20.898076952625864,14.508333333333333
240,MY_TO_SG,2026-09-24T05:40:00,21.083333333333336,xgb[maps+prof],19.8610897064209,22.454116240599546,14.8
240,MY_TO_SG,2026-09-24T05:50:00,21.28333333333333,xgb[maps+prof],22.223018646240234,24.104874460467787,14.816666666666666
240,MY_TO_SG,2026-09-24T06:00:00,22.25,xgb[maps+prof],23.14126205444336,25.79607113553324,14.350000000000001
240,MY_TO_SG,2026-09-24T06:10:00,24.025,xgb[maps+prof],24.28717613220215,27.467582793000503,14.258333333333333
240,MY_TO_SG,2026-09-24T06:20:00,26.9,xgb[maps+prof],26.152803421020508,29.056757087342497,14.591666666666665
240,MY_TO_SG,2026-09-24T06:30:00,27.441666666666666,xgb[maps+prof],28.589445114135742,30.50202359611946,15.125
240,MY_TO_SG,2026-09-24T06:40:00,29.858333333333334,xgb[maps+prof],29.770998001098633,31.746550697762814,14.875
240,MY_TO_SG,2026-09-24T06:50:00,31.275,xgb[maps+prof],30.66936683654785,32.741687890768205,14.591666666666667
240,MY_TO_SG,2026-09-24T07:00:00,35.575,xgb[maps+prof],30.656082153320312,33.44994302915578,14.075
240,MY_TO_SG,2026-09-24T07:10:00,37.61666666666667,xgb[maps+prof],30.702098846435547,33.84727399753008,13.991666666666667
240,MY_TO_SG,2026-09-24T07:20:00,33.766666666666666,xgb[maps+prof],31.2976016998291,33.92452244808171,14.466666666666667
240,MY_TO_SG,2026-09-24T07:30:00,31.933333333333334,xgb[maps+prof],31.233518600463867,33.68787992678713,14.691666666666666
240,MY_TO_SG,2026-09-24T07:40:00,29.525,xgb[maps+prof],31.120553970336914,33.15834924727838,14.008333333333333
240,MY_TO_SG,2026-09-24T07:50:00,31.158333333333335,xgb[maps+prof],29.64508056640625,32.37024056911782,14.033333333333335
240,MY_TO_SG,2026-09-24T08:00:00,28.65833333333333,xgb[maps+prof],28.379413604736328,31.368816023468987,14.033333333333333
240,MY_TO_SG,2026-09-24T08:10:00,25.924999999999997,xgb[maps+prof],28.12594223022461,30.207262633623962,13.883333333333333
240,MY_TO_SG,2026-09-24T08:20:00,26.983333333333334,xgb[maps+prof],26.72478485107422,28.94322499387608,14.7
240,MY_TO_SG,2026-09-24T08:30:00,29.125,xgb[maps+prof],25.40717124938965,27.635162082888648,14.575
240,MY_TO_SG,2026-09-24T08:40:00,24.758333333333333,xgb[maps+prof],24.683822631835938,26.338803626168126,15.341666666666667
240,MY_TO_SG,2026-09-24T08:50:00,22.725,xgb[maps+prof],22.8886775970459,25.103969388925464,16.608333333333334
240,MY_TO_SG,2026-09-24T09:00:00,22.375,xgb[maps+prof],22.13096809387207,23.971980519336302,17.483333333333334
240,MY_TO_SG,2026-09-24T09:10:00,22.608333333333334,xgb[maps+prof],22.476577758789062,22.973838441115866,18.475
240,MY_TO_SG,2026-09-24T09:20:00,21.725,xgb[maps+prof],22.59937286376953,22.12927849617774,19.675
240,MY_TO_SG,2026-09-24T09:30:00,21.15,xgb[maps+prof],22.365947723388672,21.446728669676943,20.641666666666666
240,MY_TO_SG,2026-09-24T09:40:00,20.983333333333334,xgb[maps+prof],21.96489143371582,20.92412528021991,21.083333333333336
240,MY_TO_SG,2026-09-24T09:50:00,20.65833333333333,xgb[maps+prof],20.97591781616211,20.55046471408078,21.28333333333333
240,MY_TO_SG,2026-09-24T10:00:00,20.625,xgb[maps+prof],21.772815704345703,20.307909898701126,22.25
240,MY_TO_SG,2026-09-24T10:10:00,19.058333333333334,xgb[maps+prof],20.388744354248047,20.17422790440408,24.025
240,MY_TO_SG,2026-09-24T10:20:00,19.56666666666667,xgb[maps+prof],19.491079330444336,20.125314797551617,26.9
240,MY_TO_SG,2026-09-24T10:30:00,19.166666666666668,xgb[maps+prof],18.775854110717773,20.13756748988433,27.441666666666666
240,MY_TO_SG,2026-09-24T10:40:00,19.116666666666667,xgb[maps+prof],19.436424255371094,20.189889343973043,29.858333333333334
240,MY_TO_SG,2026-09-24T10:50:00,18.725,xgb[maps+prof],19.114761352539062,20.26516387638143,31.275
240,MY_TO_SG,2026-09-24T11:00:00,18.516666666666666,xgb[maps+prof],19.8431453704834,20.351094130402828,35.575
240,MY_TO_SG,2026-09-24T11:10:00,19.575000000000003,xgb[maps+prof],20.342132568359375,20.440377622598696,37.61666666666667
240,MY_TO_SG,2026-09-24T11:20:00,19.28333333333333,xgb[maps+prof],20.485042572021484,20.530260667069868,33.766666666666666
240,MY_TO_SG,2026-09-24T11:30:00,19.725,xgb[maps+prof],20.2504825592041,20.621583583126586,31.933333333333334
240,MY_TO_SG,2026-09-24T11:40:00,20.075000000000003,xgb[maps+prof],20.679603576660156,20.717482599865555,29.525
240,MY_TO_SG,2026-09-24T11:50:00,19.65833333333333,xgb[maps+prof],21.080087661743164,20.821949318636747,31.158333333333335
240,MY_TO_SG,2026-09-24T12:00:00,21.21666666666667,xgb[maps+prof],20.761062622070312,20.93846048418445,28.65833333333333
240,MY_TO_SG,2026-09-24T12:10:00,18.975,xgb[maps+prof],21.18997573852539,21.06887806829585,25.924999999999997
240,MY_TO_SG,2026-09-24T12:20:00,20.90833333333333,xgb[maps+prof],21.096477508544922,21.212783431270847,26.983333333333334
240,MY_TO_SG,2026-09-24T12:30:00,19.85,xgb[maps+prof],21.266632080078125,21.367353300665464,29.125
240,MY_TO_SG,2026-09-24T12:40:00,20.2,xgb[maps+prof],20.49082374572754,21.52781541991567,24.758333333333333
240,MY_TO_SG,2026-09-24T12:50:00,20.366666666666667,xgb[maps+prof],21.07416343688965,21.68844553982929,22.725
240,MY_TO_SG,2026-09-24T13:00:00,19.891666666666666,xgb[maps+prof],21.3251953125,21.843993394783546,22.375
240,MY_TO_SG,2026-09-24T13:10:00,19.46666666666667,xgb[maps+prof],21.602676391601562,21.99136185599639,22.608333333333334
240,MY_TO_SG,2026-09-24T13:20:00,19.425,xgb[maps+prof],21.979251861572266,22.131318108531154,21.725
240,MY_TO_SG,2026-09-24T13:30:00,18.791666666666668,xgb[maps+prof],22.209186553955078,22.26999423747016,21.15
240,MY_TO_SG,2026-09-24T13:40:00,19.433333333333334,xgb[maps+prof],22.19121742248535,22.419940403590545,20.983333333333334
240,MY_TO_SG,2026-09-24T13:50:00,19.35,xgb[maps+prof],22.16253662109375,22.60052737192423,20.65833333333333
240,MY_TO_SG,2026-09-24T14:00:00,19.34166666666667,xgb[maps+prof],22.48076629638672,22.837554078336726,20.625
240,MY_TO_SG,2026-09-24T14:10:00,18.84166666666667,xgb[maps+prof],23.567184448242188,23.161994917794743,19.058333333333334
240,MY_TO_SG,2026-09-24T14:20:00,18.791666666666668,xgb[maps+prof],23.500591278076172,23.607912908741014,19.56666666666667
240,MY_TO_SG,2026-09-24T14:30:00,19.583333333333336,xgb[maps+prof],23.79402732849121,24.209659612345835,19.166666666666668
240,MY_TO_SG,2026-09-24T14:40:00,20.508333333333333,xgb[maps+prof],24.691932678222656,24.998570747977205,19.116666666666667
240,MY_TO_SG,2026-09-24T14:50:00,20.008333333333333,xgb[maps+prof],25.05075454711914,25.999438249225054,18.725
240,MY_TO_SG,2026-09-24T15:00:00,20.458333333333336,xgb[maps+prof],25.58971405029297,27.22708677583022,18.516666666666666
240,MY_TO_SG,2026-09-24T15:10:00,21.325,xgb[maps+prof],26.431222915649414,28.683399385082545,19.575000000000003
240,MY_TO_SG,2026-09-24T15:20:00,22.383333333333333,xgb[maps+prof],28.74524688720703,30.355120031468022,19.28333333333333
240,MY_TO_SG,2026-09-24T15:30:00,21.758333333333333,xgb[maps+prof],30.764307022094727,32.21270998216559,19.725
240,MY_TO_SG,2026-09-24T15:40:00,22.625,xgb[maps+prof],32.01381301879883,34.210454677486375,20.075000000000003
240,MY_TO_SG,2026-09-24T15:50:00,21.59166666666667,xgb[maps+prof],32.846343994140625,36.287913721943895,19.65833333333333
240,MY_TO_SG,2026-09-24T16:00:00,20.35,xgb[maps+prof],33.950645446777344,38.372688786587915,21.21666666666667
240,MY_TO_SG,2026-09-24T16:10:00,20.608333333333334,xgb[maps+prof],33.84217071533203,40.38436312950475,18.975
240,MY_TO_SG,2026-09-24T16:20:00,22.208333333333336,xgb[maps+prof],40.40895462036133,42.23935371555906,20.90833333333333
240,MY_TO_SG,2026-09-24T16:30:00,24.616666666666667,xgb[maps+prof],37.5827522277832,43.85632355102204,19.85
240,MY_TO_SG,2026-09-24T16:40:00,33.63333333333333,xgb[maps+prof],38.502769470214844,45.16173725604884,20.2
240,MY_TO_SG,2026-09-24T16:50:00,37.63333333333333,xgb[maps+prof],41.42924118041992,46.0951139369686,20.366666666666667
240,MY_TO_SG,2026-09-24T17:00:00,41.233333333333334,xgb[maps+prof],43.6043815612793,46.61354168369296,19.891666666666666
240,MY_TO_SG,2026-09-24T17:10:00,37.54166666666667,xgb[maps+prof],38.16940689086914,46.69506743326697,19.46666666666667
240,MY_TO_SG,2026-09-24T17:20:00,33.45833333333333,xgb[maps+prof],39.80758285522461,46.340660730809475,19.425
240,MY_TO_SG,2026-09-24T17:30:00,38.34166666666667,xgb[maps+prof],34.54042434692383,45.57456292260756,18.791666666666668
240,MY_TO_SG,2026-09-24T17:40:00,32.84166666666667,xgb[maps+prof],36.635169982910156,44.44296464472721,19.433333333333334
240,MY_TO_SG,2026-09-24T17:50:00,37.43333333333334,xgb[maps+prof],38.405662536621094,43.011092435295716,19.35
240,MY_TO_SG,2026-09-24T18:00:00,34.483333333333334,xgb[maps+prof],36.438201904296875,41.358917515293314,19.34166666666667
240,MY_TO_SG,2026-09-24T18:10:00,32.65,xgb[maps+prof],33.325401306152344,39.575814346618714,18.84166666666667
240,MY_TO_SG,2026-09-24T18:20:00,31.733333333333334,xgb[maps+prof],31.840333938598633,37.754583191315135,18.791666666666668
240,MY_TO_SG,2026-09-24T18:30:00,31.158333333333335,xgb[maps+prof],31.36414909362793,35.98530184648466,19.583333333333336
240,MY_TO_SG,2026-09-24T18:40:00,29.1,xgb[maps+prof],31.387062072753906,34.34948259992569,20.508333333333333
240,MY_TO_SG,2026-09-24T18:50:00,27.8,xgb[maps+prof],29.65196418762207,32.91498052466456,20.008333333333333
240,MY_TO_SG,2026-09-24T19:00:00,24.241666666666667,xgb[maps+prof],28.150632858276367,31.732031527782556,20.458333333333336
240,MY_TO_SG,2026-09-24T19:10:00,25.233333333333334,xgb[maps+prof],27.125951766967773,30.83069953190941,21.325
240,MY_TO_SG,2026-09-24T19:20:00,25.25,xgb[maps+prof],24.312503814697266,30.219891015689413,22.383333333333333
240,MY_TO_SG,2026-09-24T19:30:00,25.041666666666664,xgb[maps+prof],23.37920570373535,29.88796296921599,21.758333333333333
240,MY_TO_SG,2026-09-24T19:40:00,25.491666666666667,xgb[maps+prof],23.84984588623047,29.804819039921487,22.625
240,MY_TO_SG,2026-09-24T19:50:00,26.15,xgb[maps+prof],22.69566535949707,29.925269846767502,21.59166666666667
240,MY_TO_SG,2026-09-24T20:00:00,25.325000000000003,xgb[maps+prof],22.181110382080078,30.193337328181585,20.35
240,MY_TO_SG,2026-09-24T20:10:00,23.78333333333333,xgb[maps+prof],22.496889114379883,30.547117452071678,20.608333333333334
240,MY_TO_SG,2026-09-24T20:20:00,23.5,xgb[maps+prof],21.86394500732422,30.923785550836577,22.208333333333336
240,MY_TO_SG,2026-09-24T20:30:00,22.59166666666667,xgb[maps+prof],22.33197021484375,31.264335473197406,24.616666666666667
240,MY_TO_SG,2026-09-24T20:40:00,22.03333333333333,xgb[maps+prof],22.76479721069336,31.517685767347153,33.63333333333333
240,MY_TO_SG,2026-09-24T20:50:00,21.366666666666667,xgb[maps+prof],21.927520751953125,31.643858180465664,37.63333333333333
240,MY_TO_SG,2026-09-24T21:00:00,20.558333333333334,xgb[maps+prof],21.733827590942383,31.616028256100257,41.233333333333334
240,MY_TO_SG,2026-09-24T21:10:00,20.983333333333334,xgb[maps+prof],20.388769149780273,31.421355332435954,37.54166666666667
240,MY_TO_SG,2026-09-24T21:20:00,20.674999999999997,xgb[maps+prof],23.164461135864258,31.06060955248227,33.45833333333333
240,MY_TO_SG,2026-09-24T21:30:00,19.833333333333332,xgb[maps+prof],22.795787811279297,30.546716504616413,38.34166666666667
240,MY_TO_SG,2026-09-24T21:40:00,19.85,xgb[maps+prof],22.046127319335938,29.902426823301987,32.84166666666667
240,MY_TO_SG,2026-09-24T21:50:00,18.78333333333333,xgb[maps+prof],23.93364906311035,29.157381392931,37.43333333333334
240,MY_TO_SG,2026-09-24T22:00:00,18.641666666666666,xgb[maps+prof],24.960988998413086,28.34487809417185,34.483333333333334
240,MY_TO_SG,2026-09-24T22:10:00,18.541666666666664,xgb[maps+prof],24.0432071685791,27.49865150753597,32.65
240,MY_TO_SG,2026-09-24T22:20:00,17.041666666666664,xgb[maps+prof],22.73192596435547,26.64995370095386,31.733333333333334
240,MY_TO_SG,2026-09-24T22:30:00,16.683333333333334,xgb[maps+prof],23.00406837463379,25.82517586999449,31.158333333333335
240,MY_TO_SG,2026-09-24T22:40:00,17.65833333333333,xgb[maps+prof],22.07542610168457,25.044183030251066,29.1
240,MY_TO_SG,2026-09-24T22:50:00,17.44166666666667,xgb[maps+prof],21.60727310180664,24.319454551949093,27.8
240,MY_TO_SG,2026-09-24T23:00:00,16.108333333333334,xgb[maps+prof],19.850540161132812,23.656040189479224,24.241666666666667
240,MY_TO_SG,2026-09-24T23:10:00,15.466666666666667,xgb[maps+prof],18.888076782226562,23.052262443270887,25.233333333333334
240,MY_TO_SG,2026-09-24T23:20:00,16.616666666666667,xgb[maps+prof],18.647342681884766,22.50102882550772,25.25
240,MY_TO_SG,2026-09-24T23:30:00,16.491666666666667,xgb[maps+prof],18.184885025024414,21.991567644582894,25.041666666666664
240,MY_TO_SG,2026-09-24T23:40:00,16.35,xgb[maps+prof],17.940542221069336,21.511372095415094,25.491666666666667
240,MY_TO_SG,2026-09-24T23:50:00,16.116666666666667,xgb[maps+prof],17.81062889099121,21.048131358363396,26.15
240,MY_TO_SG,2026-09-25T00:00:00,14.891666666666666,xgb[maps+prof],17.88671112060547,20.591443436544974,25.325000000000003
240,MY_TO_SG,2026-09-25T00:10:00,14.983333333333334,xgb[maps+prof],16.96955680847168,20.13413989516599,23.78333333333333
240,MY_TO_SG,2026-09-25T00:20:00,14.458333333333334,xgb[maps+prof],16.686445236206055,19.673103090309333,23.5
240,MY_TO_SG,2026-09-25T00:30:00,14.841666666666667,xgb[maps+prof],16.508750915527344,19.20951626307989,22.59166666666667
240,MY_TO_SG,2026-09-25T00:40:00,14.766666666666666,xgb[maps+prof],15.631449699401855,18.748549784201114,22.03333333333333
240,MY_TO_SG,2026-09-25T00:50:00,13.683333333333334,xgb[maps+prof],15.650717735290527,18.298546618275175,21.366666666666667
240,MY_TO_SG,2026-09-25T01:00:00,14.258333333333333,xgb[maps+prof],14.796398162841797,17.869821071845802,20.558333333333334
240,MY_TO_SG,2026-09-25T01:10:00,14.358333333333334,xgb[maps+prof],14.649646759033203,17.473222510950183,20.983333333333334
240,MY_TO_SG,2026-09-25T01:20:00,14.291666666666668,xgb[maps+prof],14.246603012084961,17.118636849643764,20.674999999999997
240,MY_TO_SG,2026-09-25T01:30:00,13.975,xgb[maps+prof],14.11379623413086,16.813601759540205,19.833333333333332
240,MY_TO_SG,2026-09-25T01:40:00,13.55,xgb[maps+prof],14.136116027832031,16.562196996865683,19.85
240,MY_TO_SG,2026-09-25T01:50:00,14.291666666666668,xgb[maps+prof],14.35647964477539,16.36434087724054,18.78333333333333
240,MY_TO_SG,2026-09-25T02:00:00,14.775,xgb[maps+prof],14.48656177520752,16.215581021556282,18.641666666666666
240,MY_TO_SG,2026-09-25T02:10:00,15.883333333333333,xgb[maps+prof],14.483128547668457,16.107416353690695,18.541666666666664
240,MY_TO_SG,2026-09-25T02:20:00,15.683333333333334,xgb[maps+prof],14.479209899902344,16.028132868201784,17.041666666666664
240,MY_TO_SG,2026-09-25T02:30:00,15.558333333333334,xgb[maps+prof],14.046241760253906,15.964082978253494,16.683333333333334
240,MY_TO_SG,2026-09-25T02:40:00,15.808333333333334,xgb[maps+prof],13.987460136413574,15.901292091872588,17.65833333333333
240,MY_TO_SG,2026-09-25T02:50:00,15.216666666666667,xgb[maps+prof],13.864705085754395,15.827240558663838,17.44166666666667
240,MY_TO_SG,2026-09-25T03:00:00,14.516666666666666,xgb[maps+prof],13.88380241394043,15.732647387295032,16.108333333333334
240,MY_TO_SG,2026-09-25T03:10:00,14.091666666666665,xgb[maps+prof],13.836612701416016,15.613076035895276,15.466666666666667
240,MY_TO_SG,2026-09-25T03:20:00,14.391666666666666,xgb[maps+prof],13.996088027954102,15.470192655497799,16.616666666666667
240,MY_TO_SG,2026-09-25T03:30:00,13.95,xgb[maps+prof],14.116166114807129,15.312532597873938,16.491666666666667
240,MY_TO_SG,2026-09-25T03:40:00,14.566666666666666,xgb[maps+prof],14.5235595703125,15.155669701017505,16.35
240,MY_TO_SG,2026-09-25T03:50:00,14.741666666666667,xgb[maps+prof],13.677009582519531,15.021731683519919,16.116666666666667
240,MY_TO_SG,2026-09-25T04:00:00,14.483333333333334,xgb[maps+prof],14.740998268127441,14.879671221603346,14.891666666666666
240,MY_TO_SG,2026-09-25T04:10:00,15.216666666666667,xgb[maps+prof],14.890351295471191,14.882168156106617,14.983333333333334
240,MY_TO_SG,2026-09-25T04:20:00,14.958333333333332,xgb[maps+prof],14.796984672546387,14.999234268136629,14.458333333333334
240,MY_TO_SG,2026-09-25T04:30:00,15.375,xgb[maps+prof],15.077122688293457,15.261808076793834,14.841666666666667
240,MY_TO_SG,2026-09-25T04:40:00,15.683333333333334,xgb[maps+prof],15.063262939453125,15.696892787772935,14.766666666666666
240,MY_TO_SG,2026-09-25T04:50:00,16.375,xgb[maps+prof],15.692574501037598,16.325002761214197,13.683333333333334
240,MY_TO_SG,2026-09-25T05:00:00,17.433333333333334,xgb[maps+prof],16.64200782775879,17.157892786424984,14.258333333333333
240,MY_TO_SG,2026-09-25T05:10:00,17.416666666666664,xgb[maps+prof],17.650806427001953,18.19675955959589,14.358333333333334
240,MY_TO_SG,2026-09-25T05:20:00,19.108333333333334,xgb[maps+prof],18.350814819335938,19.431076674119076,14.291666666666668
240,MY_TO_SG,2026-09-25T05:30:00,18.358333333333334,xgb[maps+prof],19.789369583129883,20.838183214751364,13.975
240,MY_TO_SG,2026-09-25T05:40:00,18.40833333333333,xgb[maps+prof],20.501985549926758,22.383694386250802,13.55
240,MY_TO_SG,2026-09-25T05:50:00,20.55,xgb[maps+prof],23.024852752685547,24.02274402793914,14.291666666666668
240,MY_TO_SG,2026-09-25T06:00:00,21.575000000000003,xgb[maps+prof],24.450523376464844,25.702007512579627,14.775
240,MY_TO_SG,2026-09-25T06:10:00,21.516666666666666,xgb[maps+prof],26.299823760986328,27.362393901362292,15.883333333333333
240,MY_TO_SG,2026-09-25T06:20:00,23.558333333333334,xgb[maps+prof],28.1353816986084,28.94224287690013,15.683333333333334
240,MY_TO_SG,2026-09-25T06:30:00,26.69166666666667,xgb[maps+prof],29.93017578125,30.380819173066087,15.558333333333334
240,MY_TO_SG,2026-09-25T06:40:00,29.05,xgb[maps+prof],32.0030517578125,31.621868620618773,15.808333333333334
240,MY_TO_SG,2026-09-25T06:50:00,28.775,xgb[maps+prof],33.41710662841797,32.61698826066389,15.216666666666667
240,MY_TO_SG,2026-09-25T07:00:00,29.583333333333336,xgb[maps+prof],33.447513580322266,33.32856978166219,14.516666666666666
240,MY_TO_SG,2026-09-25T07:10:00,30.475,xgb[maps+prof],33.86763000488281,33.732100963353275,14.091666666666665
240,MY_TO_SG,2026-09-25T07:20:00,32.375,xgb[maps+prof],33.409912109375,33.81765253737635,14.391666666666666
240,MY_TO_SG,2026-09-25T07:30:00,33.05833333333334,xgb[maps+prof],32.9443473815918,33.590435116610806,13.95
240,MY_TO_SG,2026-09-25T07:40:00,32.54166666666667,xgb[maps+prof],32.513877868652344,33.07037850887204,14.566666666666666
240,MY_TO_SG,2026-09-25T07:50:00,30.35,xgb[maps+prof],32.013816833496094,32.290758679795466,14.741666666666667
240,MY_TO_SG,2026-09-25T08:00:00,28.791666666666664,xgb[maps+prof],31.14533233642578,31.2959700685,14.483333333333334
240,MY_TO_SG,2026-09-25T08:10:00,26.700000000000003,xgb[maps+prof],30.12672996520996,30.13860689817972,15.216666666666667
240,MY_TO_SG,2026-09-25T08:20:00,23.5,xgb[maps+prof],29.032472610473633,28.876070894033145,14.958333333333332
240,MY_TO_SG,2026-09-25T08:30:00,20.958333333333332,xgb[maps+prof],28.16672134399414,27.566959595869964,15.375
240,MY_TO_SG,2026-09-25T08:40:00,21.333333333333336,xgb[maps+prof],26.956125259399414,26.267505720303554,15.683333333333334
240,MY_TO_SG,2026-09-25T08:50:00,20.225,xgb[maps+prof],25.495283126831055,25.02833196998138,16.375
240,MY_TO_SG,2026-09-25T09:00:00,20.583333333333336,xgb[maps+prof],24.350448608398438,23.891757422765235,17.433333333333334
240,MY_TO_SG,2026-09-25T09:10:00,19.616666666666667,xgb[maps+prof],22.923599243164062,22.889843285942682,17.416666666666664
240,MY_TO_SG,2026-09-25T09:20:00,18.55,xgb[maps+prof],22.04466438293457,22.0433013806202,19.108333333333334
240,MY_TO_SG,2026-09-25T09:30:00,18.641666666666666,xgb[maps+prof],21.87993812561035,21.36131382126044,18.358333333333334
240,MY_TO_SG,2026-09-25T09:40:00,18.325000000000003,xgb[maps+prof],21.767580032348633,20.842233672290966,18.40833333333333
240,MY_TO_SG,2026-09-25T09:50:00,18.34166666666667,xgb[maps+prof],20.476381301879883,20.475061095978145,20.55
240,MY_TO_SG,2026-09-25T10:00:00,18.041666666666664,xgb[maps+prof],19.978904724121094,20.241524672109676,21.575000000000003
240,MY_TO_SG,2026-09-25T10:10:00,18.833333333333332,xgb[maps+prof],19.853300094604492,20.118549319868574,21.516666666666666
240,MY_TO_SG,2026-09-25T10:20:00,18.933333333333334,xgb[maps+prof],19.44221305847168,20.080865235770663,23.558333333333334
240,MY_TO_SG,2026-09-25T10:30:00,17.958333333333336,xgb[maps+prof],19.18536376953125,20.103509127188566,26.69166666666667
240,MY_TO_SG,2026-09-25T10:40:00,17.933333333333334,xgb[maps+prof],19.143634796142578,20.163990098054093,29.05
240,MY_TO_SG,2026-09-25T10:50:00,17.40833333333333,xgb[maps+prof],18.95265769958496,20.243935749569374,28.775
240,MY_TO_SG,2026-09-25T11:00:00,17.691666666666666,xgb[maps+prof],20.024261474609375,20.33009505214951,29.583333333333336
240,MY_TO_SG,2026-09-25T11:10:00,18.391666666666666,xgb[maps+prof],19.54501724243164,20.41464711291146,30.475
240,MY_TO_SG,2026-09-25T11:20:00,19.333333333333332,xgb[maps+prof],19.718353271484375,20.49484161799409,32.375
240,MY_TO_SG,2026-09-25T11:30:00,19.1,xgb[maps+prof],19.69877052307129,20.57206945342607,33.05833333333334
240,MY_TO_SG,2026-09-25T11:40:00,20.21666666666667,xgb[maps+prof],19.836421966552734,20.65052307840603,32.54166666666667
240,MY_TO_SG,2026-09-25T11:50:00,19.691666666666666,xgb[maps+prof],20.38491439819336,20.73564902710645,30.35
240,MY_TO_SG,2026-09-25T12:00:00,20.28333333333333,xgb[maps+prof],20.56773567199707,20.832614669009402,28.791666666666664
240,MY_TO_SG,2026-09-25T12:10:00,21.566666666666666,xgb[maps+prof],20.622522354125977,20.945005665897032,26.700000000000003
240,MY_TO_SG,2026-09-25T12:20:00,21.25,xgb[maps+prof],20.754182815551758,21.073939724275114,23.5
240,MY_TO_SG,2026-09-25T12:30:00,20.55,xgb[maps+prof],20.85394287109375,21.217729284194167,20.958333333333332
240,MY_TO_SG,2026-09-25T12:40:00,20.34166666666667,xgb[maps+prof],20.957717895507812,21.372156213677997,21.333333333333336
240,MY_TO_SG,2026-09-25T12:50:00,20.816666666666666,xgb[maps+prof],21.03729248046875,21.531342845677095,20.225
240,MY_TO_SG,2026-09-25T13:00:00,19.575000000000003,xgb[maps+prof],21.14120101928711,21.689124453948168,20.583333333333336
240,MY_TO_SG,2026-09-25T13:10:00,19.325000000000003,xgb[maps+prof],21.46072769165039,21.840757467162497,19.616666666666667
240,MY_TO_SG,2026-09-25T13:20:00,20.208333333333332,xgb[maps+prof],21.634096145629883,21.98474366055567,18.55
240,MY_TO_SG,2026-09-25T13:30:00,19.375,xgb[maps+prof],21.628183364868164,22.124519963119077,18.641666666666666
240,MY_TO_SG,2026-09-25T13:40:00,18.858333333333334,xgb[maps+prof],21.607921600341797,22.26976075308696,18.325000000000003
240,MY_TO_SG,2026-09-25T13:50:00,19.333333333333336,xgb[maps+prof],21.7244873046875,22.437066075089408,18.34166666666667
240,MY_TO_SG,2026-09-25T14:00:00,20.424999999999997,xgb[maps+prof],21.533945083618164,22.649863450615662,18.041666666666664
240,MY_TO_SG,2026-09-25T14:10:00,19.516666666666666,xgb[maps+prof],21.729310989379883,22.937428160425142,18.833333333333332
240,MY_TO_SG,2026-09-25T14:20:00,18.875,xgb[maps+prof],21.818344116210938,23.333019689098347,18.933333333333334
240,MY_TO_SG,2026-09-25T14:30:00,19.425,xgb[maps+prof],23.235309600830078,23.87123111787216,17.958333333333336
240,MY_TO_SG,2026-09-25T14:40:00,20.025,xgb[maps+prof],23.811599731445312,24.584743282367445,17.933333333333334
240,MY_TO_SG,2026-09-25T14:50:00,19.65833333333333,xgb[maps+prof],24.070674896240234,25.50075615807968,17.40833333333333
240,MY_TO_SG,2026-09-25T15:00:00,20.108333333333334,xgb[maps+prof],24.050235748291016,26.637426997697723,17.691666666666666
240,MY_TO_SG,2026-09-25T15:10:00,19.46666666666667,xgb[maps+prof],25.451875686645508,28.000671135851,18.391666666666666
240,MY_TO_SG,2026-09-25T15:20:00,19.85,xgb[maps+prof],25.300535202026367,29.58167293354808,19.333333333333332
240,MY_TO_SG,2026-09-25T15:30:00,20.575000000000003,xgb[maps+prof],23.29665184020996,31.355410329616365,19.1
240,MY_TO_SG,2026-09-25T15:40:00,20.333333333333336,xgb[maps+prof],24.324542999267578,33.28041978626275,20.21666666666667
240,MY_TO_SG,2026-09-25T15:50:00,22.55,xgb[maps+prof],26.53870391845703,35.29992536476453,19.691666666666666
240,MY_TO_SG,2026-09-25T16:00:00,22.166666666666664,xgb[maps+prof],27.381290435791016,37.34433541554482,20.28333333333333
240,MY_TO_SG,2026-09-25T16:10:00,22.0,xgb[maps+prof],31.203454971313477,39.33498409249318,21.566666666666666
240,MY_TO_SG,2026-09-25T16:20:00,21.516666666666666,xgb[maps+prof],37.36756896972656,41.18887470902388,21.25
240,MY_TO_SG,2026-09-25T16:30:00,25.508333333333333,xgb[maps+prof],40.04595184326172,42.824079678194806,20.55
240,MY_TO_SG,2026-09-25T16:40:00,29.275,xgb[maps+prof],41.79326629638672,44.16537779696047,20.34166666666667
240,MY_TO_SG,2026-09-25T16:50:00,31.991666666666667,xgb[maps+prof],46.18560028076172,45.14967179983425,20.816666666666666
240,MY_TO_SG,2026-09-25T17:00:00,35.43333333333334,xgb[maps+prof],47.48657989501953,45.73073192990409,19.575000000000003
240,MY_TO_SG,2026-09-25T17:10:00,35.24166666666667,xgb[maps+prof],44.536930084228516,45.88285542245572,19.325000000000003
240,MY_TO_SG,2026-09-25T17:20:00,38.79166666666667,xgb[maps+prof],41.58758544921875,45.60311397331679,20.208333333333332
240,MY_TO_SG,2026-09-25T17:30:00,43.53333333333333,xgb[maps+prof],37.52077102661133,44.91197448784859,19.375
240,MY_TO_SG,2026-09-25T17:40:00,33.858333333333334,xgb[maps+prof],37.701351165771484,43.852212651112715,18.858333333333334
240,MY_TO_SG,2026-09-25T17:50:00,31.625,xgb[maps+prof],38.46150588989258,42.4861820055052,19.333333333333336
240,MY_TO_SG,2026-09-25T18:00:00,31.325,xgb[maps+prof],36.074745178222656,40.891640217883825,20.424999999999997
240,MY_TO_SG,2026-09-25T18:10:00,27.866666666666667,xgb[maps+prof],33.750999450683594,39.15645633856776,19.516666666666666
240,MY_TO_SG,2026-09-25T18:20:00,25.825,xgb[maps+prof],33.668819427490234,37.37261692705086,18.875
240,MY_TO_SG,2026-09-25T18:30:00,25.375,xgb[maps+prof],33.23790740966797,35.63000639802704,19.425
240,MY_TO_SG,2026-09-25T18:40:00,26.308333333333334,xgb[maps+prof],31.643272399902344,34.01045272106602,20.025
240,MY_TO_SG,2026-09-25T18:50:00,25.625,xgb[maps+prof],30.318452835083008,32.5825024969903,19.65833333333333
240,MY_TO_SG,2026-09-25T19:00:00,22.475,xgb[maps+prof],28.8978214263916,31.39732224545663,20.108333333333334
240,MY_TO_SG,2026-09-25T19:10:00,21.833333333333336,xgb[maps+prof],27.479434967041016,30.4860219833755,19.46666666666667
240,MY_TO_SG,2026-09-25T19:20:00,22.391666666666666,xgb[maps+prof],25.655179977416992,29.85857240453066,19.85
240,MY_TO_SG,2026-09-25T19:30:00,22.141666666666666,xgb[maps+prof],24.144075393676758,29.504349830704452,20.575000000000003
240,MY_TO_SG,2026-09-25T19:40:00,21.258333333333333,xgb[maps+prof],23.630842208862305,29.394206190219226,20.333333333333336
240,MY_TO_SG,2026-09-25T19:50:00,21.383333333333333,xgb[maps+prof],22.844669342041016,29.48383692641768,22.55
240,MY_TO_SG,2026-09-25T20:00:00,22.6,xgb[maps+prof],21.485286712646484,29.718118852793758,22.166666666666664
240,MY_TO_SG,2026-09-25T20:10:00,21.53333333333333,xgb[maps+prof],21.973011016845703,30.036021024281286,22.0
240,MY_TO_SG,2026-09-25T20:20:00,22.700000000000003,xgb[maps+prof],22.4901180267334,30.37565997169753,21.516666666666666
240,MY_TO_SG,2026-09-25T20:30:00,22.433333333333334,xgb[maps+prof],21.981964111328125,30.679077826306113,25.508333333333333
240,MY_TO_SG,2026-09-25T20:40:00,22.558333333333334,xgb[maps+prof],21.596725463867188,30.896365950530402,29.275
240,MY_TO_SG,2026-09-25T20:50:00,22.516666666666666,xgb[maps+prof],20.75957679748535,30.9888323196472,31.991666666666667
240,MY_TO_SG,2026-09-25T21:00:00,21.258333333333333,xgb[maps+prof],21.208911895751953,30.931009937203875,35.43333333333334
240,MY_TO_SG,2026-09-25T21:10:00,22.066666666666666,xgb[maps+prof],22.79952621459961,30.711415986913337,35.24166666666667
240,MY_TO_SG,2026-09-25T21:20:00,22.808333333333334,xgb[maps+prof],21.872222900390625,30.332086324653233,38.79166666666667
240,MY_TO_SG,2026-09-25T21:30:00,22.808333333333334,xgb[maps+prof],23.826627731323242,29.807016594128555,43.53333333333333
240,MY_TO_SG,2026-09-25T21:40:00,22.858333333333334,xgb[maps+prof],25.008014678955078,29.159730223691735,33.858333333333334
240,MY_TO_SG,2026-09-25T21:50:00,22.058333333333334,xgb[maps+prof],23.65990447998047,28.420257423629348,31.625
240,MY_TO_SG,2026-09-25T22:00:00,21.84166666666667,xgb[maps+prof],24.860244750976562,27.621843352961438,31.325
240,MY_TO_SG,2026-09-25T22:10:00,20.691666666666666,xgb[maps+prof],23.77605438232422,26.797706207423825,27.866666666666667
240,MY_TO_SG,2026-09-25T22:20:00,19.491666666666667,xgb[maps+prof],22.36695671081543,25.97813851348618,25.825
240,MY_TO_SG,2026-09-25T22:30:00,18.391666666666666,xgb[maps+prof],23.64565658569336,25.188191613696034,25.375
240,MY_TO_SG,2026-09-25T22:40:00,18.491666666666667,xgb[maps+prof],22.26800537109375,24.446110676442075,26.308333333333334
240,MY_TO_SG,2026-09-25T22:50:00,18.05833333333333,xgb[maps+prof],21.148298263549805,23.762603568585725,25.625
240,MY_TO_SG,2026-09-25T23:00:00,16.916666666666664,xgb[maps+prof],20.141578674316406,23.14094028286357,22.475
240,MY_TO_SG,2026-09-25T23:10:00,17.116666666666667,xgb[maps+prof],19.058536529541016,22.577798807865808,21.833333333333336
240,MY_TO_SG,2026-09-25T23:20:00,16.90833333333333,xgb[maps+prof],19.021137237548828,22.06470584960197,22.391666666666666
240,MY_TO_SG,2026-09-25T23:30:00,15.983333333333333,xgb[maps+prof],18.55735969543457,21.58987245539314,22.141666666666666
240,MY_TO_SG,2026-09-25T23:40:00,16.508333333333333,xgb[maps+prof],17.945270538330078,21.140198983684314,21.258333333333333
240,MY_TO_SG,2026-09-25T23:50:00,16.05,xgb[maps+prof],18.01046371459961,20.70322223276112,21.383333333333333
240,MY_TO_SG,2026-09-26T00:00:00,15.375,xgb[maps+prof],24.071203231811523,29.21334322418071,22.6
240,MY_TO_SG,2026-09-26T00:10:00,15.916666666666668,xgb[maps+prof],23.862747192382812,26.931750304116946,21.53333333333333
240,MY_TO_SG,2026-09-26T00:20:00,16.05,xgb[maps+prof],21.335630416870117,24.819876992444627,22.700000000000003
240,MY_TO_SG,2026-09-26T00:30:00,16.083333333333336,xgb[maps+prof],18.89181900024414,22.937763770085517,22.433333333333334
240,MY_TO_SG,2026-09-26T00:40:00,15.308333333333334,xgb[maps+prof],17.905445098876953,21.328332051661768,22.558333333333334
240,MY_TO_SG,2026-09-26T00:50:00,15.5,xgb[maps+prof],17.09206771850586,20.01563453456817,22.516666666666666
240,MY_TO_SG,2026-09-26T01:00:00,15.683333333333334,xgb[maps+prof],16.057098388671875,19.00453586421513,21.258333333333333
240,MY_TO_SG,2026-09-26T01:10:00,15.141666666666666,xgb[maps+prof],16.121089935302734,18.281790717026297,22.066666666666666
240,MY_TO_SG,2026-09-26T01:20:00,14.958333333333334,xgb[maps+prof],15.09913158416748,17.818378386087417,22.808333333333334
240,MY_TO_SG,2026-09-26T01:30:00,14.858333333333334,xgb[maps+prof],15.11864948272705,17.57285965455489,22.808333333333334
240,MY_TO_SG,2026-09-26T01:40:00,15.258333333333333,xgb[maps+prof],14.890396118164062,17.495450171032203,22.858333333333334
240,MY_TO_SG,2026-09-26T01:50:00,13.858333333333334,xgb[maps+prof],15.128814697265625,17.53245974521051,22.058333333333334
240,MY_TO_SG,2026-09-26T02:00:00,14.35,xgb[maps+prof],15.49687385559082,17.63073171167226,21.84166666666667
240,MY_TO_SG,2026-09-26T02:10:00,14.183333333333334,xgb[maps+prof],15.742561340332031,17.741731081535285,20.691666666666666
240,MY_TO_SG,2026-09-26T02:20:00,16.19166666666667,xgb[maps+prof],15.729199409484863,17.824972552708584,19.491666666666667
240,MY_TO_SG,2026-09-26T02:30:00,16.325,xgb[maps+prof],15.793903350830078,17.850545371679036,18.391666666666666
240,MY_TO_SG,2026-09-26T02:40:00,17.15833333333333,xgb[maps+prof],15.673314094543457,17.800575568281126,18.491666666666667
240,MY_TO_SG,2026-09-26T02:50:00,16.816666666666666,xgb[maps+prof],15.65345287322998,17.669560008216,18.05833333333333
240,MY_TO_SG,2026-09-26T03:00:00,16.925,xgb[maps+prof],15.828142166137695,17.46360315667613,16.916666666666664
240,MY_TO_SG,2026-09-26T03:10:00,18.358333333333334,xgb[maps+prof],15.306215286254883,17.19867851696236,17.116666666666667
240,MY_TO_SG,2026-09-26T03:20:00,17.933333333333334,xgb[maps+prof],15.083395957946777,16.89811507723213,16.90833333333333
240,MY_TO_SG,2026-09-26T03:30:00,17.233333333333334,xgb[maps+prof],14.996529579162598,16.58956858400023,15.983333333333333
240,MY_TO_SG,2026-09-26T03:40:00,16.733333333333334,xgb[maps+prof],14.712118148803711,16.30177348945692,16.508333333333333
240,MY_TO_SG,2026-09-26T03:50:00,16.75,xgb[maps+prof],14.727387428283691,16.0613813710265,16.05
240,MY_TO_SG,2026-09-26T04:00:00,15.933333333333334,xgb[maps+prof],13.83547306060791,15.890589690393181,15.375
240,MY_TO_SG,2026-09-26T04:10:00,16.325,xgb[maps+prof],14.54533863067627,15.803324073692337,15.916666666666668
240,MY_TO_SG,2026-09-26T04:20:00,15.366666666666667,xgb[maps+prof],15.404253005981445,15.806353613334963,16.05
240,MY_TO_SG,2026-09-26T04:30:00,14.241666666666667,xgb[maps+prof],16.211652755737305,15.897219333399363,16.083333333333336
240,MY_TO_SG,2026-09-26T04:40:00,14.883333333333333,xgb[maps+prof],16.416154861450195,16.065138104699855,15.308333333333334
240,MY_TO_SG,2026-09-26T04:50:00,15.691666666666666,xgb[maps+prof],17.346126556396484,16.292369611547404,15.5
240,MY_TO_SG,2026-09-26T05:00:00,17.34166666666667,xgb[maps+prof],17.77605438232422,16.556302523571297,15.683333333333334
240,MY_TO_SG,2026-09-26T05:10:00,17.108333333333334,xgb[maps+prof],18.13888931274414,16.832043115405995,15.141666666666666
240,MY_TO_SG,2026-09-26T05:20:00,16.75,xgb[maps+prof],18.940149307250977,17.095241957363005,14.958333333333334
240,MY_TO_SG,2026-09-26T05:30:00,16.383333333333333,xgb[maps+prof],19.360387802124023,17.324871100767034,14.858333333333334
240,MY_TO_SG,2026-09-26T05:40:00,17.549999999999997,xgb[maps+prof],19.512609481811523,17.505667769594513,15.258333333333333
240,MY_TO_SG,2026-09-26T05:50:00,19.558333333333334,xgb[maps+prof],18.727231979370117,17.629990963262685,13.858333333333334
240,MY_TO_SG,2026-09-26T06:00:00,18.691666666666666,xgb[maps+prof],19.31134033203125,17.69889217864409,14.35
240,MY_TO_SG,2026-09-26T06:10:00,18.525,xgb[maps+prof],19.132848739624023,17.72227600990861,14.183333333333334
240,MY_TO_SG,2026-09-26T06:20:00,20.758333333333333,xgb[maps+prof],19.049108505249023,17.718114104715823,16.19166666666667
240,MY_TO_SG,2026-09-26T06:30:00,20.633333333333333,xgb[maps+prof],19.86016845703125,17.71076888919282,16.325
240,MY_TO_SG,2026-09-26T06:40:00,20.066666666666666,xgb[maps+prof],21.09433364868164,17.728572972880468,17.15833333333333
240,MY_TO_SG,2026-09-26T06:50:00,19.358333333333334,xgb[maps+prof],22.319385528564453,17.80088764011153,16.816666666666666
240,MY_TO_SG,2026-09-26T07:00:00,19.8,xgb[maps+prof],21.286983489990234,17.95492163718886,16.925
240,MY_TO_SG,2026-09-26T07:10:00,19.933333333333334,xgb[maps+prof],21.477766036987305,18.212623515054542,18.358333333333334
240,MY_TO_SG,2026-09-26T07:20:00,20.84166666666667,xgb[maps+prof],21.724971771240234,18.58796328065963,17.933333333333334
240,MY_TO_SG,2026-09-26T07:30:00,20.708333333333332,xgb[maps+prof],22.584901809692383,19.084890938685994,17.233333333333334
240,MY_TO_SG,2026-09-26T07:40:00,22.28333333333333,xgb[maps+prof],22.980531692504883,19.69620245802682,16.733333333333334
240,MY_TO_SG,2026-09-26T07:50:00,21.90833333333333,xgb[maps+prof],23.610126495361328,20.4034623944128,16.75
240,MY_TO_SG,2026-09-26T08:00:00,23.125,xgb[maps+prof],24.239042282104492,21.17803395020333,15.933333333333334
240,MY_TO_SG,2026-09-26T08:10:00,26.441666666666666,xgb[maps+prof],24.271718978881836,21.98316065537479,16.325
240,MY_TO_SG,2026-09-26T08:20:00,26.666666666666664,xgb[maps+prof],25.842191696166992,22.77693919955029,15.366666666666667
240,MY_TO_SG,2026-09-26T08:30:00,28.56666666666667,xgb[maps+prof],26.156803131103516,23.515930470297626,14.241666666666667
240,MY_TO_SG,2026-09-26T08:40:00,31.741666666666667,xgb[maps+prof],27.415302276611328,24.159084949698382,14.883333333333333
240,MY_TO_SG,2026-09-26T08:50:00,32.93333333333333,xgb[maps+prof],28.0436954498291,24.671616888895684,15.691666666666666
240,MY_TO_SG,2026-09-26T09:00:00,38.65833333333333,xgb[maps+prof],28.30215835571289,25.028454119625437,17.34166666666667
240,MY_TO_SG,2026-09-26T09:10:00,39.358333333333334,xgb[maps+prof],29.73904800415039,25.216918794510725,17.108333333333334
240,MY_TO_SG,2026-09-26T09:20:00,39.84166666666667,xgb[maps+prof],29.93943214416504,25.2383571307635,16.75
240,MY_TO_SG,2026-09-26T09:30:00,39.575,xgb[maps+prof],27.757509231567383,25.108528303088516,16.383333333333333
240,MY_TO_SG,2026-09-26T09:40:00,37.608333333333334,xgb[maps+prof],27.772438049316406,24.856675898784086,17.549999999999997
240,MY_TO_SG,2026-09-26T09:50:00,34.84166666666667,xgb[maps+prof],28.043682098388672,24.523329391226206,19.558333333333334
240,MY_TO_SG,2026-09-26T10:00:00,36.74166666666667,xgb[maps+prof],27.247241973876953,24.15700611700623,18.691666666666666
240,MY_TO_SG,2026-09-26T10:10:00,30.825000000000003,xgb[maps+prof],24.955659866333008,23.810094222155207,18.525
240,MY_TO_SG,2026-09-26T10:20:00,27.883333333333333,xgb[maps+prof],24.201173782348633,23.534282879669,20.758333333333333
240,MY_TO_SG,2026-09-26T10:30:00,25.491666666666667,xgb[maps+prof],23.865081787109375,23.37595874702292,20.633333333333333
240,MY_TO_SG,2026-09-26T10:40:00,22.808333333333334,xgb[maps+prof],22.86146354675293,23.37200112281451,20.066666666666666
240,MY_TO_SG,2026-09-26T10:50:00,21.133333333333333,xgb[maps+prof],22.774044036865234,23.54638027007612,19.358333333333334
240,MY_TO_SG,2026-09-26T11:00:00,24.34166666666667,xgb[maps+prof],23.444000244140625,23.90789562048126,19.8
240,MY_TO_SG,2026-09-26T11:10:00,22.441666666666666,xgb[maps+prof],24.372608184814453,24.449288737088953,19.933333333333334
240,MY_TO_SG,2026-09-26T11:20:00,21.941666666666666,xgb[maps+prof],24.969072341918945,25.14783916309514,20.84166666666667
240,MY_TO_SG,2026-09-26T11:30:00,22.049999999999997,xgb[maps+prof],25.27102279663086,25.96741145235723,20.708333333333332
240,MY_TO_SG,2026-09-26T11:40:00,20.575000000000003,xgb[maps+prof],25.369915008544922,26.861782142866492,22.28333333333333
240,MY_TO_SG,2026-09-26T11:50:00,23.891666666666666,xgb[maps+prof],25.934526443481445,27.778949825365302,21.90833333333333
240,MY_TO_SG,2026-09-26T12:00:00,22.066666666666666,xgb[maps+prof],25.52758026123047,28.666032303983474,23.125
240,MY_TO_SG,2026-09-26T12:10:00,25.3,xgb[maps+prof],26.369762420654297,29.47429230345478,26.441666666666666
240,MY_TO_SG,2026-09-26T12:20:00,23.041666666666664,xgb[maps+prof],26.238140106201172,30.163813983060038,26.666666666666664
240,MY_TO_SG,2026-09-26T12:30:00,21.616666666666667,xgb[maps+prof],26.895933151245117,30.7073792493389,28.56666666666667
240,MY_TO_SG,2026-09-26T12:40:00,20.875,xgb[maps+prof],26.689165115356445,31.093163611973637,31.741666666666667
240,MY_TO_SG,2026-09-26T12:50:00,20.375,xgb[maps+prof],26.14948844909668,31.325979826957727,32.93333333333333
240,MY_TO_SG,2026-09-26T13:00:00,19.84166666666667,xgb[maps+prof],26.727861404418945,31.42693373539214,38.65833333333333
240,MY_TO_SG,2026-09-26T13:10:00,20.175,xgb[maps+prof],29.048171997070312,31.431507591133645,39.358333333333334
240,MY_TO_SG,2026-09-26T13:20:00,19.516666666666666,xgb[maps+prof],31.01114273071289,31.386237220713365,39.84166666666667
240,MY_TO_SG,2026-09-26T13:30:00,20.275,xgb[maps+prof],31.941858291625977,31.3442858356523,39.575
240,MY_TO_SG,2026-09-26T13:40:00,21.308333333333334,xgb[maps+prof],31.487464904785156,31.360325762352268,37.608333333333334
240,MY_TO_SG,2026-09-26T13:50:00,20.558333333333334,xgb[maps+prof],30.392789840698242,31.485208942742183,34.84166666666667
240,MY_TO_SG,2026-09-26T14:00:00,19.95,xgb[maps+prof],31.621858596801758,31.760930699143493,36.74166666666667
240,MY_TO_SG,2026-09-26T14:10:00,20.65833333333333,xgb[maps+prof],29.445514678955078,32.21636633087644,30.825000000000003
240,MY_TO_SG,2026-09-26T14:20:00,20.65833333333333,xgb[maps+prof],29.26948356628418,32.8641887664124,27.883333333333333
240,MY_TO_SG,2026-09-26T14:30:00,20.34166666666667,xgb[maps+prof],26.705745697021484,33.69926446729424,25.491666666666667
240,MY_TO_SG,2026-09-26T14:40:00,21.05,xgb[maps+prof],28.552772521972656,34.698684744959884,22.808333333333334
240,MY_TO_SG,2026-09-26T14:50:00,21.041666666666664,xgb[maps+prof],28.953075408935547,35.823434185347494,21.133333333333333
240,MY_TO_SG,2026-09-26T15:00:00,20.508333333333333,xgb[maps+prof],30.15313148498535,37.021542116341,24.34166666666667
240,MY_TO_SG,2026-09-26T15:10:00,22.375,xgb[maps+prof],32.45691680908203,38.23242219777259,22.441666666666666
240,MY_TO_SG,2026-09-26T15:20:00,23.041666666666664,xgb[maps+prof],31.438732147216797,39.39199300960522,21.941666666666666
240,MY_TO_SG,2026-09-26T15:30:00,26.975,xgb[maps+prof],31.845083236694336,40.43809988693228,22.049999999999997
240,MY_TO_SG,2026-09-26T15:40:00,27.208333333333336,xgb[maps+prof],31.628660202026367,41.31573221682986,20.575000000000003
240,MY_TO_SG,2026-09-26T15:50:00,29.8,xgb[maps+prof],41.148895263671875,41.98155338138371,23.891666666666666
240,MY_TO_SG,2026-09-26T16:00:00,31.44166666666667,xgb[maps+prof],36.49820327758789,42.40733007111634,22.066666666666666
240,MY_TO_SG,2026-09-26T16:10:00,32.78333333333333,xgb[maps+prof],38.95056915283203,42.58195678036668,25.3
240,MY_TO_SG,2026-09-26T16:20:00,30.825,xgb[maps+prof],37.492454528808594,42.51190902759576,23.041666666666664
240,MY_TO_SG,2026-09-26T16:30:00,31.275,xgb[maps+prof],36.11847686767578,42.22011153373356,21.616666666666667
240,MY_TO_SG,2026-09-26T16:40:00,34.3,xgb[maps+prof],38.335479736328125,41.74336014653166,20.875
240,MY_TO_SG,2026-09-26T16:50:00,38.483333333333334,xgb[maps+prof],30.39503288269043,41.128573724950904,20.375
240,MY_TO_SG,2026-09-26T17:00:00,34.20833333333333,xgb[maps+prof],32.49100112915039,40.42826109395399,19.84166666666667
240,MY_TO_SG,2026-09-26T17:10:00,38.30833333333334,xgb[maps+prof],30.039653778076172,39.6956580628171,20.175
240,MY_TO_SG,2026-09-26T17:20:00,33.93333333333334,xgb[maps+prof],29.948049545288086,38.98001382688743,19.516666666666666
240,MY_TO_SG,2026-09-26T17:30:00,35.84166666666667,xgb[maps+prof],29.495248794555664,38.32248286595144,20.275
240,MY_TO_SG,2026-09-26T17:40:00,35.54166666666667,xgb[maps+prof],33.60561752319336,37.75301046113097,21.308333333333334
240,MY_TO_SG,2026-09-26T17:50:00,33.975,xgb[maps+prof],30.44330596923828,37.2884943406114,20.558333333333334
240,MY_TO_SG,2026-09-26T18:00:00,31.225,xgb[maps+prof],28.18519401550293,36.93237256169117,19.95
240,MY_TO_SG,2026-09-26T18:10:00,30.15833333333333,xgb[maps+prof],29.373201370239258,36.67564192799797,20.65833333333333
240,MY_TO_SG,2026-09-26T18:20:00,29.608333333333334,xgb[maps+prof],29.12059211730957,36.49916661502564,20.65833333333333
240,MY_TO_SG,2026-09-26T18:30:00,27.166666666666664,xgb[maps+prof],26.183141708374023,36.37700756799984,20.34166666666667
240,MY_TO_SG,2026-09-26T18:40:00,25.166666666666664,xgb[maps+prof],28.58364486694336,36.2804023047002,21.05
240,MY_TO_SG,2026-09-26T18:50:00,24.558333333333334,xgb[maps+prof],28.991525650024414,36.18196175641056,21.041666666666664
240,MY_TO_SG,2026-09-26T19:00:00,25.5,xgb[maps+prof],27.75038719177246,36.05963162836053,20.508333333333333
240,MY_TO_SG,2026-09-26T19:10:00,24.725,xgb[maps+prof],31.14763832092285,35.899991994678885,22.375
240,MY_TO_SG,2026-09-26T19:20:00,24.4,xgb[maps+prof],30.802976608276367,35.700537522247544,23.041666666666664
240,MY_TO_SG,2026-09-26T19:30:00,24.525,xgb[maps+prof],30.357437133789062,35.470684768910964,26.975
240,MY_TO_SG,2026-09-26T19:40:00,25.375,xgb[maps+prof],29.92559814453125,35.23138196105328,27.208333333333336
240,MY_TO_SG,2026-09-26T19:50:00,25.45,xgb[maps+prof],32.87309265136719,35.013337737610094,29.8
240,MY_TO_SG,2026-09-26T20:00:00,24.291666666666668,xgb[maps+prof],33.05986785888672,34.8540247201793,31.44166666666667
240,MY_TO_SG,2026-09-26T20:10:00,22.783333333333335,xgb[maps+prof],33.22335433959961,34.79373791185682,32.78333333333333
240,MY_TO_SG,2026-09-26T20:20:00,24.475,xgb[maps+prof],32.876319885253906,34.87108493620056,30.825
240,MY_TO_SG,2026-09-26T20:30:00,25.391666666666666,xgb[maps+prof],33.21096420288086,35.11834583691791,31.275
240,MY_TO_SG,2026-09-26T20:40:00,28.15833333333333,xgb[maps+prof],35.38589859008789,35.55715897967178,34.3
240,MY_TO_SG,2026-09-26T20:50:00,30.808333333333334,xgb[maps+prof],37.520782470703125,36.19496499393325,38.483333333333334
240,MY_TO_SG,2026-09-26T21:00:00,33.3,xgb[maps+prof],43.442352294921875,37.022575259668685,34.20833333333333
240,MY_TO_SG,2026-09-26T21:10:00,38.04166666666667,xgb[maps+prof],45.70261764526367,38.013131586848665,38.30833333333334
240,MY_TO_SG,2026-09-26T21:20:00,37.99166666666667,xgb[maps+prof],48.00673294067383,39.12259899795793,33.93333333333334
240,MY_TO_SG,2026-09-26T21:30:00,38.46666666666667,xgb[maps+prof],46.490177154541016,40.29179562778639,35.84166666666667
240,MY_TO_SG,2026-09-26T21:40:00,39.175,xgb[maps+prof],53.37411880493164,41.44982546514919,35.54166666666667
240,MY_TO_SG,2026-09-26T21:50:00,41.141666666666666,xgb[maps+prof],53.34454345703125,42.51865357589334,33.975
240,MY_TO_SG,2026-09-26T22:00:00,41.55,xgb[maps+prof],53.44316864013672,43.418460837198786,31.225
240,MY_TO_SG,2026-09-26T22:10:00,44.016666666666666,xgb[maps+prof],45.09815979003906,44.073345020030274,30.15833333333333
240,MY_TO_SG,2026-09-26T22:20:00,37.90833333333333,xgb[maps+prof],43.632022857666016,44.41690312822252,29.608333333333334
240,MY_TO_SG,2026-09-26T22:30:00,37.20833333333333,xgb[maps+prof],42.49738311767578,44.39723854276217,27.166666666666664
240,MY_TO_SG,2026-09-26T22:40:00,37.275,xgb[maps+prof],41.31676483154297,43.98098437228669,25.166666666666664
240,MY_TO_SG,2026-09-26T22:50:00,34.175,xgb[maps+prof],41.03376007080078,43.156016681491685,24.558333333333334
240,MY_TO_SG,2026-09-26T23:00:00,34.63333333333333,xgb[maps+prof],41.626041412353516,41.9326402508301,25.5
240,MY_TO_SG,2026-09-26T23:10:00,35.483333333333334,xgb[maps+prof],44.35077667236328,40.34315536193727,24.725
240,MY_TO_SG,2026-09-26T23:20:00,31.808333333333334,xgb[maps+prof],42.29139709472656,38.439845739909785,24.4
240,MY_TO_SG,2026-09-26T23:30:00,33.43333333333334,xgb[maps+prof],37.77543258666992,36.29155394555345,24.525
240,MY_TO_SG,2026-09-26T23:40:00,33.65833333333333,xgb[maps+prof],34.98258590698242,33.97912070623792,25.375
240,MY_TO_SG,2026-09-26T23:50:00,33.275000000000006,xgb[maps+prof],29.944311141967773,31.59005006842541,25.45
240,MY_TO_SG,2026-09-27T00:00:00,35.31666666666667,xgb[maps+prof],28.06180191040039,29.21281637005847,24.291666666666668
240,MY_TO_SG,2026-09-27T00:10:00,37.175,xgb[maps+prof],26.92095184326172,26.93124821244991,22.783333333333335
240,MY_TO_SG,2026-09-27T00:20:00,34.18333333333334,xgb[maps+prof],24.175941467285156,24.819408235034885,24.475
240,MY_TO_SG,2026-09-27T00:30:00,31.65,xgb[maps+prof],21.483165740966797,22.937337909074206,25.391666666666666
240,MY_TO_SG,2026-09-27T00:40:00,35.233333333333334,xgb[maps+prof],21.18607521057129,21.32795877911063,28.15833333333333
240,MY_TO_SG,2026-09-27T00:50:00,31.366666666666667,xgb[maps+prof],20.623367309570312,20.015322753562025,30.808333333333334
240,MY_TO_SG,2026-09-27T01:00:00,30.35,xgb[maps+prof],20.129335403442383,19.004292817105963,33.3
240,MY_TO_SG,2026-09-27T01:10:00,24.225,xgb[maps+prof],21.43700408935547,18.281621263923643,38.04166666666667
240,MY_TO_SG,2026-09-27T01:20:00,22.866666666666667,xgb[maps+prof],21.007081985473633,17.818284520867742,37.99166666666667
240,MY_TO_SG,2026-09-27T01:30:00,22.058333333333334,xgb[maps+prof],19.937463760375977,17.572840318207064,38.46666666666667
240,MY_TO_SG,2026-09-27T01:40:00,23.483333333333334,xgb[maps+prof],19.330869674682617,17.495501386331078,39.175
240,MY_TO_SG,2026-09-27T01:50:00,22.666666666666668,xgb[maps+prof],18.482412338256836,17.53257505694348,41.141666666666666
240,MY_TO_SG,2026-09-27T02:00:00,20.40833333333333,xgb[maps+prof],18.6420841217041,17.630902877984354,41.55
240,MY_TO_SG,2026-09-27T02:10:00,22.941666666666666,xgb[maps+prof],18.939727783203125,17.741948929438387,44.016666666666666
240,MY_TO_SG,2026-09-27T02:20:00,25.133333333333333,xgb[maps+prof],17.769346237182617,17.825227888780322,37.90833333333333
240,MY_TO_SG,2026-09-27T02:30:00,25.924999999999997,xgb[maps+prof],18.29620933532715,17.85082983056866,37.20833333333333
240,MY_TO_SG,2026-09-27T02:40:00,27.133333333333333,xgb[maps+prof],18.959142684936523,17.800882288274504,37.275
240,MY_TO_SG,2026-09-27T02:50:00,23.21666666666667,xgb[maps+prof],19.579008102416992,17.66988404431785,34.175
240,MY_TO_SG,2026-09-27T03:00:00,25.225,xgb[maps+prof],19.48228645324707,17.463941575082956,34.63333333333333
240,MY_TO_SG,2026-09-27T03:10:00,21.866666666666667,xgb[maps+prof],20.122652053833008,17.199030156430204,35.483333333333334
240,MY_TO_SG,2026-09-27T03:20:00,17.25,xgb[maps+prof],19.427133560180664,16.89848000753193,31.808333333333334
240,MY_TO_SG,2026-09-27T03:30:00,17.383333333333333,xgb[maps+prof],19.555622100830078,16.589947333709553,33.43333333333334
240,MY_TO_SG,2026-09-27T03:40:00,17.958333333333332,xgb[maps+prof],18.30942153930664,16.302166149245764,33.65833333333333
240,MY_TO_SG,2026-09-27T03:50:00,18.166666666666664,xgb[maps+prof],17.67326545715332,16.06178669972557,33.275000000000006
1440,SG_TO_MY,2026-09-25T00:00:00,20.90833333333333,xgb[maps+prof],20.071483612060547,18.595458937188617,21.21666666666667
1440,SG_TO_MY,2026-09-25T00:10:00,20.46666666666667,xgb[maps+prof],19.31218910217285,17.565722557129682,21.858333333333334
1440,SG_TO_MY,2026-09-25T00:20:00,18.666666666666668,xgb[maps+prof],18.25151252746582,16.59738852420515,19.516666666666666
1440,SG_TO_MY,2026-09-25T00:30:00,18.45,xgb[maps+prof],18.002145767211914,15.73386899290691,18.308333333333334
1440,SG_TO_MY,2026-09-25T00:40:00,18.016666666666666,xgb[maps+prof],17.42337989807129,15.005593483601135,17.05
1440,SG_TO_MY,2026-09-25T00:50:00,18.03333333333333,xgb[maps+prof],16.81020164489746,14.427265423097674,16.558333333333334
1440,SG_TO_MY,2026-09-25T01:00:00,16.4,xgb[maps+prof],16.39838409423828,13.997194425775561,15.925
1440,SG_TO_MY,2026-09-25T01:10:00,15.5,xgb[maps+prof],16.318721771240234,13.698707688871737,13.833333333333334
1440,SG_TO_MY,2026-09-25T01:20:00,15.266666666666666,xgb[maps+prof],15.340767860412598,13.503383182948042,12.916666666666666
1440,SG_TO_MY,2026-09-25T01:30:00,14.675,xgb[maps+prof],14.686031341552734,13.375624378551212,12.6
1440,SG_TO_MY,2026-09-25T01:40:00,14.05,xgb[maps+prof],14.548579216003418,13.277938389541568,12.583333333333332
1440,SG_TO_MY,2026-09-25T01:50:00,13.308333333333334,xgb[maps+prof],14.640498161315918,13.176205535505346,12.649999999999999
1440,SG_TO_MY,2026-09-25T02:00:00,11.9,xgb[maps+prof],14.626276016235352,13.04424662260799,12.808333333333334
1440,SG_TO_MY,2026-09-25T02:10:00,11.083333333333332,xgb[maps+prof],14.366223335266113,12.867101250973995,12.216666666666667
1440,SG_TO_MY,2026-09-25T02:20:00,11.316666666666666,xgb[maps+prof],14.366223335266113,12.642611566178225,11.766666666666666
1440,SG_TO_MY,2026-09-25T02:30:00,12.483333333333334,xgb[maps+prof],14.251265525817871,12.381137217293183,11.691666666666666
1440,SG_TO_MY,2026-09-25T02:40:00,12.9,xgb[maps+prof],14.281798362731934,12.103478784609322,12.25
1440,SG_TO_MY,2026-09-25T02:50:00,13.333333333333334,xgb[maps+prof],14.281798362731934,11.837326110131052,11.958333333333332
1440,SG_TO_MY,2026-09-25T03:00:00,13.416666666666666,xgb[maps+prof],14.281798362731934,11.6127440096517,12.116666666666667
1440,SG_TO_MY,2026-09-25T03:10:00,13.3,xgb[maps+prof],14.281798362731934,11.4573355482699,12.416666666666666
1440,SG_TO_MY,2026-09-25T03:20:00,13.441666666666666,xgb[maps+prof],14.223725318908691,11.391765960253789,12.925
1440,SG_TO_MY,2026-09-25T03:30:00,13.541666666666666,xgb[maps+prof],14.246442794799805,11.426282769417051,12.591666666666667
1440,SG_TO_MY,2026-09-25T03:40:00,13.35,xgb[maps+prof],14.281798362731934,11.558735666148413,12.475
1440,SG_TO_MY,2026-09-25T03:50:00,12.95,xgb[maps+prof],14.223725318908691,11.774400014538584,12.383333333333333
1440,SG_TO_MY,2026-09-25T04:00:00,12.791666666666666,xgb[maps+prof],14.281798362731934,12.047666046227178,12.375
1440,SG_TO_MY,2026-09-25T04:10:00,12.825,xgb[maps+prof],14.281798362731934,12.345402955233958,12.375
1440,SG_TO_MY,2026-09-25T04:20:00,13.141666666666666,xgb[maps+prof],14.321356773376465,12.631575999532885,12.675
1440,SG_TO_MY,2026-09-25T04:30:00,13.408333333333335,xgb[maps+prof],14.366223335266113,12.872515612419702,12.725000000000001
1440,SG_TO_MY,2026-09-25T04:40:00,13.766666666666666,xgb[maps+prof],14.486748695373535,13.042134361811266,12.725
1440,SG_TO_MY,2026-09-25T04:50:00,14.175,xgb[maps+prof],14.735098838806152,13.126374875561504,13.175
1440,SG_TO_MY,2026-09-25T05:00:00,15.166666666666668,xgb[maps+prof],14.93893814086914,13.126252729547357,13.524999999999999
1440,SG_TO_MY,2026-09-25T05:10:00,15.358333333333334,xgb[maps+prof],15.055170059204102,13.059024050011748,13.583333333333334
1440,SG_TO_MY,2026-09-25T05:20:00,15.375,xgb[maps+prof],15.259334564208984,12.95723857079022,13.616666666666667
1440,SG_TO_MY,2026-09-25T05:30:00,16.45,xgb[maps+prof],15.314861297607422,12.865706880554994,13.675
1440,SG_TO_MY,2026-09-25T05:40:00,16.81666666666667,xgb[maps+prof],15.323805809020996,12.836682207117933,13.833333333333332
1440,SG_TO_MY,2026-09-25T05:50:00,15.85,xgb[maps+prof],15.650208473205566,12.923797878701906,14.175
1440,SG_TO_MY,2026-09-25T06:00:00,15.658333333333333,xgb[maps+prof],15.756851196289062,13.175480381229733,14.166666666666668
1440,SG_TO_MY,2026-09-25T06:10:00,16.675,xgb[maps+prof],16.880002975463867,13.628650684556863,14.541666666666668
1440,SG_TO_MY,2026-09-25T06:20:00,16.358333333333334,xgb[maps+prof],16.992507934570312,14.303519513106366,15.383333333333333
1440,SG_TO_MY,2026-09-25T06:30:00,17.0,xgb[maps+prof],18.083925247192383,15.200173918563014,16.208333333333336
1440,SG_TO_MY,2026-09-25T06:40:00,17.333333333333336,xgb[maps+prof],18.590198516845703,16.297453859074068,17.666666666666668
1440,SG_TO_MY,2026-09-25T06:50:00,17.21666666666667,xgb[maps+prof],19.798114776611328,17.554350895939393,19.96666666666667
1440,SG_TO_MY,2026-09-25T07:00:00,17.458333333333332,xgb[maps+prof],20.424606323242188,18.913857828436065,22.916666666666668
1440,SG_TO_MY,2026-09-25T07:10:00,16.53333333333333,xgb[maps+prof],22.4908447265625,20.308894508287377,23.683333333333334
1440,SG_TO_MY,2026-09-25T07:20:00,16.808333333333334,xgb[maps+prof],23.786340713500977,21.669668411626176,20.84166666666667
1440,SG_TO_MY,2026-09-25T07:30:00,22.375,xgb[maps+prof],24.93181800842285,22.93163226960578,21.375
1440,SG_TO_MY,2026-09-25T07:40:00,25.066666666666666,xgb[maps+prof],27.377410888671875,24.04310076760185,23.425
1440,SG_TO_MY,2026-09-25T07:50:00,25.958333333333332,xgb[maps+prof],28.663206100463867,24.97159849909635,28.266666666666666
1440,SG_TO_MY,2026-09-25T08:00:00,25.075,xgb[maps+prof],30.15024185180664,25.70813342594868,33.141666666666666
1440,SG_TO_MY,2026-09-25T08:10:00,24.291666666666664,xgb[maps+prof],31.34280776977539,26.268812022408337,35.16666666666667
1440,SG_TO_MY,2026-09-25T08:20:00,26.416666666666664,xgb[maps+prof],32.43096923828125,26.69350981017781,32.15833333333333
1440,SG_TO_MY,2026-09-25T08:30:00,27.0,xgb[maps+prof],32.36341094970703,27.04165035755137,36.90833333333333
1440,SG_TO_MY,2026-09-25T08:40:00,28.116666666666667,xgb[maps+prof],33.07777404785156,27.385487628100293,39.54166666666667
1440,SG_TO_MY,2026-09-25T08:50:00,28.941666666666666,xgb[maps+prof],32.522403717041016,27.801590430993983,38.775
1440,SG_TO_MY,2026-09-25T09:00:00,31.799999999999997,xgb[maps+prof],33.042694091796875,28.36145704585419,42.5
1440,SG_TO_MY,2026-09-25T09:10:00,29.525,xgb[maps+prof],33.89206314086914,29.12231446582671,39.46666666666667
1440,SG_TO_MY,2026-09-25T09:20:00,33.083333333333336,xgb[maps+prof],33.25202178955078,30.11916339513729,38.575
1440,SG_TO_MY,2026-09-25T09:30:00,37.35,xgb[maps+prof],33.81365203857422,31.359014232679833,36.925
1440,SG_TO_MY,2026-09-25T09:40:00,37.94166666666666,xgb[maps+prof],37.54910659790039,32.81803218014394,36.333333333333336
1440,SG_TO_MY,2026-09-25T09:50:00,47.391666666666666,xgb[maps+prof],38.94097900390625,34.44199589731866,40.650000000000006
1440,SG_TO_MY,2026-09-25T10:00:00,45.55833333333334,xgb[maps+prof],38.868289947509766,36.15010877273206,43.43333333333334
1440,SG_TO_MY,2026-09-25T10:10:00,45.65833333333333,xgb[maps+prof],40.34477233886719,37.8418262952308,42.99166666666667
1440,SG_TO_MY,2026-09-25T10:20:00,44.56666666666666,xgb[maps+prof],41.97270584106445,39.406020254115546,47.53333333333333
1440,SG_TO_MY,2026-09-25T10:30:00,47.75833333333333,xgb[maps+prof],46.02186584472656,40.73153024067922,52.24166666666666
1440,SG_TO_MY,2026-09-25T10:40:00,47.45833333333333,xgb[maps+prof],50.524009704589844,41.71798681990063,57.25
1440,SG_TO_MY,2026-09-25T10:50:00,46.375,xgb[maps+prof],47.13423538208008,42.28574865718036,47.56666666666666
1440,SG_TO_MY,2026-09-25T11:00:00,44.916666666666664,xgb[maps+prof],46.96483612060547,42.38388352359409,39.675
1440,SG_TO_MY,2026-09-25T11:10:00,46.2,xgb[maps+prof],46.38036346435547,41.99533125525349,37.233333333333334
1440,SG_TO_MY,2026-09-25T11:20:00,46.66666666666667,xgb[maps+prof],46.779354095458984,41.13869228481566,37.90833333333333
1440,SG_TO_MY,2026-09-25T11:30:00,46.74166666666667,xgb[maps+prof],45.20675277709961,39.86645388599051,36.53333333333333
1440,SG_TO_MY,2026-09-25T11:40:00,38.625,xgb[maps+prof],40.66962814331055,38.259856033327594,30.96666666666667
1440,SG_TO_MY,2026-09-25T11:50:00,40.05,xgb[maps+prof],39.15835952758789,36.42096552816898,26.78333333333333
1440,SG_TO_MY,2026-09-25T12:00:00,41.016666666666666,xgb[maps+prof],39.28820037841797,34.4628291412978,24.025
1440,SG_TO_MY,2026-09-25T12:10:00,40.94166666666666,xgb[maps+prof],36.612491607666016,32.49877977979244,22.883333333333333
1440,SG_TO_MY,2026-09-25T12:20:00,38.41666666666667,xgb[maps+prof],33.9541130065918,30.63205131105296,21.7
1440,SG_TO_MY,2026-09-25T12:30:00,38.275000000000006,xgb[maps+prof],31.53818702697754,28.946808919009598,23.633333333333333
1440,SG_TO_MY,2026-09-25T12:40:00,40.233333333333334,xgb[maps+prof],30.400331497192383,27.501529003882787,23.258333333333333
1440,SG_TO_MY,2026-09-25T12:50:00,43.66666666666667,xgb[maps+prof],29.257003784179688,26.325386211990576,22.21666666666667
1440,SG_TO_MY,2026-09-25T13:00:00,39.93333333333334,xgb[maps+prof],27.650510787963867,25.417957579450167,24.15
1440,SG_TO_MY,2026-09-25T13:10:00,42.46666666666667,xgb[maps+prof],26.852907180786133,24.75217541012116,22.775
1440,SG_TO_MY,2026-09-25T13:20:00,34.81666666666666,xgb[maps+prof],26.332056045532227,24.280095099881947,21.941666666666666
1440,SG_TO_MY,2026-09-25T13:30:00,37.34166666666667,xgb[maps+prof],26.89736557006836,23.94073357663227,23.066666666666666
1440,SG_TO_MY,2026-09-25T13:40:00,36.24166666666667,xgb[maps+prof],26.14776039123535,23.669013578084932,24.6
1440,SG_TO_MY,2026-09-25T13:50:00,36.06666666666666,xgb[maps+prof],26.69460678100586,23.404743114881,26.03333333333333
1440,SG_TO_MY,2026-09-25T14:00:00,33.458333333333336,xgb[maps+prof],25.40079116821289,23.100579097388906,23.825
1440,SG_TO_MY,2026-09-25T14:10:00,34.49166666666667,xgb[maps+prof],24.589780807495117,22.728065439568322,24.433333333333334
1440,SG_TO_MY,2026-09-25T14:20:00,35.775,xgb[maps+prof],23.983701705932617,22.28108100629598,25.225
1440,SG_TO_MY,2026-09-25T14:30:00,37.608333333333334,xgb[maps+prof],23.70232391357422,21.776351584621285,25.491666666666667
1440,SG_TO_MY,2026-09-25T14:40:00,34.858333333333334,xgb[maps+prof],23.5560302734375,21.251034318024956,23.80833333333333
1440,SG_TO_MY,2026-09-25T14:50:00,34.70833333333333,xgb[maps+prof],23.386672973632812,20.75773064479712,23.116666666666667
1440,SG_TO_MY,2026-09-25T15:00:00,36.425,xgb[maps+prof],22.708526611328125,20.357583834684455,23.516666666666666
1440,SG_TO_MY,2026-09-25T15:10:00,40.15833333333333,xgb[maps+prof],22.90389633178711,20.112334856656993,23.975
1440,SG_TO_MY,2026-09-25T15:20:00,38.675,xgb[maps+prof],22.634920120239258,20.076320770734174,21.475
1440,SG_TO_MY,2026-09-25T15:30:00,37.21666666666667,xgb[maps+prof],23.016855239868164,20.28939130540064,21.116666666666667
1440,SG_TO_MY,2026-09-25T15:40:00,32.975,xgb[maps+prof],23.647140502929688,20.771594192962258,19.65
1440,SG_TO_MY,2026-09-25T15:50:00,31.78333333333333,xgb[maps+prof],24.09989356994629,21.52025446339701,20.875
1440,SG_TO_MY,2026-09-25T16:00:00,33.275,xgb[maps+prof],25.327350616455078,22.509775311539407,19.866666666666667
1440,SG_TO_MY,2026-09-25T16:10:00,37.06666666666666,xgb[maps+prof],27.88888931274414,23.6941547772937,21.625
1440,SG_TO_MY,2026-09-25T16:20:00,37.725,xgb[maps+prof],29.09561538696289,25.01188368398519,23.925
1440,SG_TO_MY,2026-09-25T16:30:00,37.391666666666666,xgb[maps+prof],31.359359741210938,26.39260552966572,25.78333333333333
1440,SG_TO_MY,2026-09-25T16:40:00,37.63333333333333,xgb[maps+prof],32.738399505615234,27.764712165755526,28.483333333333334
1440,SG_TO_MY,2026-09-25T16:50:00,36.86666666666667,xgb[maps+prof],34.211666107177734,29.06294434390175,29.025
1440,SG_TO_MY,2026-09-25T17:00:00,36.583333333333336,xgb[maps+prof],35.135284423828125,30.235075320437723,28.433333333333334
1440,SG_TO_MY,2026-09-25T17:10:00,38.141666666666666,xgb[maps+prof],35.63631057739258,31.246876647088463,29.491666666666667
1440,SG_TO_MY,2026-09-25T17:20:00,38.88333333333333,xgb[maps+prof],38.22368621826172,32.08478256414113,33.11666666666667
1440,SG_TO_MY,2026-09-25T17:30:00,43.141666666666666,xgb[maps+prof],38.450340270996094,32.755956060165374,30.924999999999997
1440,SG_TO_MY,2026-09-25T17:40:00,45.266666666666666,xgb[maps+prof],38.82670593261719,33.285780491548955,27.758333333333333
1440,SG_TO_MY,2026-09-25T17:50:00,47.483333333333334,xgb[maps+prof],38.638301849365234,33.713116574957525,29.275
1440,SG_TO_MY,2026-09-25T18:00:00,53.625,xgb[maps+prof],40.25499725341797,34.08393729995816,33.083333333333336
1440,SG_TO_MY,2026-09-25T18:10:00,57.075,xgb[maps+prof],41.015052795410156,34.44414999880589,36.3
1440,SG_TO_MY,2026-09-25T18:20:00,53.46666666666667,xgb[maps+prof],42.004268646240234,34.83251194390933,39.25833333333333
1440,SG_TO_MY,2026-09-25T18:30:00,59.7,xgb[maps+prof],40.863834381103516,35.27453204188631,43.05
1440,SG_TO_MY,2026-09-25T18:40:00,56.641666666666666,xgb[maps+prof],40.242431640625,35.77812852463225,44.625
1440,SG_TO_MY,2026-09-25T18:50:00,55.70833333333333,xgb[maps+prof],41.08241653442383,36.33159620875763,45.875
1440,SG_TO_MY,2026-09-25T19:00:00,55.36666666666667,xgb[maps+prof],41.97027587890625,36.90415336176534,45.06666666666666
1440,SG_TO_MY,2026-09-25T19:10:00,53.50833333333333,xgb[maps+prof],42.105438232421875,37.449021950952314,46.8
1440,SG_TO_MY,2026-09-25T19:20:00,53.81666666666667,xgb[maps+prof],43.16945266723633,37.90868436878746,45.958333333333336
1440,SG_TO_MY,2026-09-25T19:30:00,48.03333333333333,xgb[maps+prof],42.08533477783203,38.22169214478398,47.016666666666666
1440,SG_TO_MY,2026-09-25T19:40:00,41.81666666666666,xgb[maps+prof],43.47588348388672,38.33020988417813,45.916666666666664
1440,SG_TO_MY,2026-09-25T19:50:00,39.900000000000006,xgb[maps+prof],41.20787811279297,38.18738377563682,43.21666666666667
1440,SG_TO_MY,2026-09-25T20:00:00,40.733333333333334,xgb[maps+prof],40.65799331665039,37.76363964540087,44.50833333333333
1440,SG_TO_MY,2026-09-25T20:10:00,39.20833333333333,xgb[maps+prof],40.83833694458008,37.051138672903065,42.391666666666666
1440,SG_TO_MY,2026-09-25T20:20:00,38.983333333333334,xgb[maps+prof],39.875244140625,36.06583459415142,41.175
1440,SG_TO_MY,2026-09-25T20:30:00,34.358333333333334,xgb[maps+prof],37.5598030090332,34.84685852030616,37.141666666666666
1440,SG_TO_MY,2026-09-25T20:40:00,35.958333333333336,xgb[maps+prof],37.17506790161133,33.45327251444601,35.81666666666666
1440,SG_TO_MY,2026-09-25T20:50:00,32.46666666666667,xgb[maps+prof],37.16453552246094,31.958543129298256,36.483333333333334
1440,SG_TO_MY,2026-09-25T21:00:00,33.075,xgb[maps+prof],34.70436477661133,30.443354281482492,32.7
1440,SG_TO_MY,2026-09-25T21:10:00,30.383333333333333,xgb[maps+prof],33.08770751953125,28.98757335470838,28.733333333333334
1440,SG_TO_MY,2026-09-25T21:20:00,29.44166666666667,xgb[maps+prof],32.01607131958008,27.662282460269623,28.108333333333334
1440,SG_TO_MY,2026-09-25T21:30:00,30.683333333333334,xgb[maps+prof],30.343507766723633,26.52277714467269,27.758333333333333
1440,SG_TO_MY,2026-09-25T21:40:00,30.46666666666667,xgb[maps+prof],29.500011444091797,25.603319236178553,27.933333333333334
1440,SG_TO_MY,2026-09-25T21:50:00,29.525,xgb[maps+prof],30.172956466674805,24.91422330657809,30.116666666666667
1440,SG_TO_MY,2026-09-25T22:00:00,28.65,xgb[maps+prof],30.26968765258789,24.441582564828202,31.03333333333333
1440,SG_TO_MY,2026-09-25T22:10:00,25.549999999999997,xgb[maps+prof],29.75705337524414,24.149632812450562,28.316666666666666
1440,SG_TO_MY,2026-09-25T22:20:00,26.366666666666667,xgb[maps+prof],29.578340530395508,23.985449039636727,27.71666666666667
1440,SG_TO_MY,2026-09-25T22:30:00,25.775,xgb[maps+prof],28.95142364501953,23.885404311445118,26.791666666666664
1440,SG_TO_MY,2026-09-25T22:40:00,25.016666666666666,xgb[maps+prof],28.51711654663086,23.782625782509356,24.708333333333336
1440,SG_TO_MY,2026-09-25T22:50:00,23.95,xgb[maps+prof],28.17401695251465,23.61458031469833,24.041666666666664
1440,SG_TO_MY,2026-09-25T23:00:00,24.908333333333335,xgb[maps+prof],27.7967586517334,23.329923305668473,25.766666666666666
1440,SG_TO_MY,2026-09-25T23:10:00,25.333333333333332,xgb[maps+prof],26.208683013916016,22.89384751029933,24.608333333333334
1440,SG_TO_MY,2026-09-25T23:20:00,24.25,xgb[maps+prof],25.005264282226562,22.291360176962073,23.108333333333334
1440,SG_TO_MY,2026-09-25T23:30:00,25.766666666666666,xgb[maps+prof],24.199922561645508,21.528172597893292,22.241666666666667
1440,SG_TO_MY,2026-09-25T23:40:00,25.458333333333336,xgb[maps+prof],23.69623374938965,20.62917461951347,21.766666666666666
1440,SG_TO_MY,2026-09-25T23:50:00,25.333333333333332,xgb[maps+prof],22.335596084594727,19.634752657567322,21.566666666666666
1440,SG_TO_MY,2026-09-26T00:00:00,23.616666666666667,xgb[maps+prof],22.869184494018555,20.89677356595192,20.90833333333333
1440,SG_TO_MY,2026-09-26T00:10:00,22.441666666666666,xgb[maps+prof],23.760406494140625,21.168736440661192,20.46666666666667
1440,SG_TO_MY,2026-09-26T00:20:00,22.833333333333336,xgb[maps+prof],22.4818115234375,21.24908687053832,18.666666666666668
1440,SG_TO_MY,2026-09-26T00:30:00,21.991666666666667,xgb[maps+prof],22.241239547729492,21.105676619233968,18.45
1440,SG_TO_MY,2026-09-26T00:40:00,22.425,xgb[maps+prof],21.139568328857422,20.727379878196448,18.016666666666666
1440,SG_TO_MY,2026-09-26T00:50:00,21.691666666666666,xgb[maps+prof],21.146501541137695,20.124593004984188,18.03333333333333
1440,SG_TO_MY,2026-09-26T01:00:00,21.116666666666667,xgb[maps+prof],20.70073890686035,19.327690438263584,16.4
1440,SG_TO_MY,2026-09-26T01:10:00,22.566666666666666,xgb[maps+prof],19.73232650756836,18.383657171498957,15.5
1440,SG_TO_MY,2026-09-26T01:20:00,20.09166666666667,xgb[maps+prof],19.316370010375977,17.35128484435369,15.266666666666666
1440,SG_TO_MY,2026-09-26T01:30:00,16.641666666666666,xgb[maps+prof],18.744794845581055,16.295441580370365,14.675
1440,SG_TO_MY,2026-09-26T01:40:00,15.641666666666666,xgb[maps+prof],16.97965431213379,15.280995131783193,14.05
1440,SG_TO_MY,2026-09-26T01:50:00,15.141666666666666,xgb[maps+prof],15.588509559631348,14.366980280346246,13.308333333333334
1440,SG_TO_MY,2026-09-26T02:00:00,14.058333333333334,xgb[maps+prof],15.127694129943848,13.601556155598102,11.9
1440,SG_TO_MY,2026-09-26T02:10:00,13.258333333333333,xgb[maps+prof],14.502362251281738,13.018203891762685,11.083333333333332
1440,SG_TO_MY,2026-09-26T02:20:00,13.1,xgb[maps+prof],14.462151527404785,12.63348100672789,11.316666666666666
1440,SG_TO_MY,2026-09-26T02:30:00,14.366666666666667,xgb[maps+prof],14.25668716430664,12.446490338943152,12.483333333333334
1440,SG_TO_MY,2026-09-26T02:40:00,15.066666666666666,xgb[maps+prof],14.261491775512695,12.440054214110768,12.9
1440,SG_TO_MY,2026-09-26T02:50:00,15.116666666666667,xgb[maps+prof],14.411853790283203,12.583424643738972,13.333333333333334
1440,SG_TO_MY,2026-09-26T03:00:00,14.491666666666667,xgb[maps+prof],14.528643608093262,12.836222218283595,13.416666666666666
1440,SG_TO_MY,2026-09-26T03:10:00,14.025,xgb[maps+prof],14.44394302368164,13.15319165521427,13.3
1440,SG_TO_MY,2026-09-26T03:20:00,13.916666666666666,xgb[maps+prof],14.584335327148438,13.489298757815783,13.441666666666666
1440,SG_TO_MY,2026-09-26T03:30:00,14.316666666666666,xgb[maps+prof],15.039146423339844,13.804675735506907,13.541666666666666
1440,SG_TO_MY,2026-09-26T03:40:00,13.991666666666667,xgb[maps+prof],15.039146423339844,14.068949078832542,13.35
1440,SG_TO_MY,2026-09-26T03:50:00,14.933333333333334,xgb[maps+prof],15.54936408996582,14.264552165591173,12.95
1440,SG_TO_MY,2026-09-26T04:00:00,16.041666666666668,xgb[maps+prof],15.521968841552734,14.388725869552374,12.791666666666666
1440,SG_TO_MY,2026-09-26T04:10:00,16.75,xgb[maps+prof],15.963014602661133,14.454034573907707,12.825
1440,SG_TO_MY,2026-09-26T04:20:00,17.71666666666667,xgb[maps+prof],15.990412712097168,14.487360653504481,13.141666666666666
1440,SG_TO_MY,2026-09-26T04:30:00,18.025,xgb[maps+prof],16.452058792114258,14.527475805857872,13.408333333333335
1440,SG_TO_MY,2026-09-26T04:40:00,18.433333333333334,xgb[maps+prof],16.520841598510742,14.62141132828267,13.766666666666666
1440,SG_TO_MY,2026-09-26T04:50:00,18.2,xgb[maps+prof],17.271879196166992,14.819951788892437,14.175
1440,SG_TO_MY,2026-09-26T05:00:00,18.758333333333333,xgb[maps+prof],18.80508041381836,15.172649904874424,15.166666666666668
1440,SG_TO_MY,2026-09-26T05:10:00,19.825,xgb[maps+prof],20.41876983642578,15.722799796804852,15.358333333333334
1440,SG_TO_MY,2026-09-26T05:20:00,21.483333333333334,xgb[maps+prof],21.143083572387695,16.502808909869557,15.375
1440,SG_TO_MY,2026-09-26T05:30:00,22.483333333333334,xgb[maps+prof],21.71756362915039,17.53037635401664,16.45
1440,SG_TO_MY,2026-09-26T05:40:00,22.19166666666667,xgb[maps+prof],22.24769401550293,18.805820386646587,16.81666666666667
1440,SG_TO_MY,2026-09-26T05:50:00,23.766666666666666,xgb[maps+prof],22.921077728271484,20.31080566637827,15.85
1440,SG_TO_MY,2026-09-26T06:00:00,28.008333333333333,xgb[maps+prof],24.993343353271484,22.008608961194902,15.658333333333333
1440,SG_TO_MY,2026-09-26T06:10:00,28.441666666666666,xgb[maps+prof],27.767005920410156,23.84593867889934,16.675
1440,SG_TO_MY,2026-09-26T06:20:00,31.81666666666667,xgb[maps+prof],30.799924850463867,25.756198077405493,16.358333333333334
1440,SG_TO_MY,2026-09-26T06:30:00,38.24166666666667,xgb[maps+prof],33.806854248046875,27.663963597215044,17.0
1440,SG_TO_MY,2026-09-26T06:40:00,36.75833333333333,xgb[maps+prof],37.39041519165039,29.490347273568194,17.333333333333336
1440,SG_TO_MY,2026-09-26T06:50:00,45.291666666666664,xgb[maps+prof],41.82421875,31.158833467673247,17.21666666666667
1440,SG_TO_MY,2026-09-26T07:00:00,47.93333333333334,xgb[maps+prof],46.70054244995117,32.601131542359155,17.458333333333332
1440,SG_TO_MY,2026-09-26T07:10:00,44.74166666666666,xgb[maps+prof],46.91862487792969,33.76257199539398,16.53333333333333
1440,SG_TO_MY,2026-09-26T07:20:00,40.2,xgb[maps+prof],46.044769287109375,34.6065960537221,16.808333333333334
1440,SG_TO_MY,2026-09-26T07:30:00,41.61666666666667,xgb[maps+prof],44.47595977783203,35.117947374655174,22.375
1440,SG_TO_MY,2026-09-26T07:40:00,42.791666666666664,xgb[maps+prof],43.131813049316406,35.30426617983751,25.066666666666666
1440,SG_TO_MY,2026-09-26T07:50:00,41.425,xgb[maps+prof],43.962440490722656,35.19590512799331,25.958333333333332
1440,SG_TO_MY,2026-09-26T08:00:00,43.95,xgb[maps+prof],40.387351989746094,34.84392438684962,25.075
1440,SG_TO_MY,2026-09-26T08:10:00,49.375,xgb[maps+prof],40.17542266845703,34.31637060738398,24.291666666666664
1440,SG_TO_MY,2026-09-26T08:20:00,50.15,xgb[maps+prof],39.70719909667969,33.693089415709636,26.416666666666664
1440,SG_TO_MY,2026-09-26T08:30:00,47.63333333333333,xgb[maps+prof],39.24491500854492,33.05945166870747,27.0
1440,SG_TO_MY,2026-09-26T08:40:00,45.55,xgb[maps+prof],39.93254470825195,32.49947851883489,28.116666666666667
1440,SG_TO_MY,2026-09-26T08:50:00,41.25,xgb[maps+prof],40.13059997558594,32.08891915048813,28.941666666666666
1440,SG_TO_MY,2026-09-26T09:00:00,47.150000000000006,xgb[maps+prof],39.66716384887695,31.888860114524903,31.799999999999997
1440,SG_TO_MY,2026-09-26T09:10:00,47.69166666666666,xgb[maps+prof],39.35801696777344,31.940421978710038,29.525
1440,SG_TO_MY,2026-09-26T09:20:00,43.775,xgb[maps+prof],40.431243896484375,32.261026919862424,33.083333333333336
1440,SG_TO_MY,2026-09-26T09:30:00,38.94166666666666,xgb[maps+prof],37.90909957885742,32.842603571175175,37.35
1440,SG_TO_MY,2026-09-26T09:40:00,38.733333333333334,xgb[maps+prof],37.82429504394531,33.65194083738764,37.94166666666666
1440,SG_TO_MY,2026-09-26T09:50:00,44.13333333333333,xgb[maps+prof],40.451072692871094,34.63322229342786,47.391666666666666
1440,SG_TO_MY,2026-09-26T10:00:00,49.608333333333334,xgb[maps+prof],40.73186492919922,35.712582028229846,45.55833333333334
1440,SG_TO_MY,2026-09-26T10:10:00,48.599999999999994,xgb[maps+prof],40.280574798583984,36.80433809660393,45.65833333333333
1440,SG_TO_MY,2026-09-26T10:20:00,48.175,xgb[maps+prof],40.161285400390625,37.81839823250574,44.56666666666666
1440,SG_TO_MY,2026-09-26T10:30:00,48.125,xgb[maps+prof],41.64493942260742,38.66821011071042,47.75833333333333
1440,SG_TO_MY,2026-09-26T10:40:00,53.74166666666667,xgb[maps+prof],42.823081970214844,39.278558390175355,47.45833333333333
1440,SG_TO_MY,2026-09-26T10:50:00,54.141666666666666,xgb[maps+prof],43.16910934448242,39.592501974224874,46.375
1440,SG_TO_MY,2026-09-26T11:00:00,50.05,xgb[maps+prof],42.14242172241211,39.57680097673254,44.916666666666664
1440,SG_TO_MY,2026-09-26T11:10:00,47.583333333333336,xgb[maps+prof],41.92283248901367,39.22530138039069,46.2
1440,SG_TO_MY,2026-09-26T11:20:00,50.0,xgb[maps+prof],41.70736312866211,38.559917797743964,46.66666666666667
1440,SG_TO_MY,2026-09-26T11:30:00,48.958333333333336,xgb[maps+prof],41.1625862121582,37.6290669836463,46.74166666666667
1440,SG_TO_MY,2026-09-26T11:40:00,45.608333333333334,xgb[maps+prof],39.08245849609375,36.503638185086146,38.625
1440,SG_TO_MY,2026-09-26T11:50:00,42.90833333333333,xgb[maps+prof],38.57099151611328,35.27081955074889,40.05
1440,SG_TO_MY,2026-09-26T12:00:00,47.525,xgb[maps+prof],36.64619445800781,34.02631026292856,41.016666666666666
1440,SG_TO_MY,2026-09-26T12:10:00,44.75,xgb[maps+prof],37.352821350097656,32.865614690741495,40.94166666666666
1440,SG_TO_MY,2026-09-26T12:20:00,43.775,xgb[maps+prof],37.91170120239258,31.875220034552687,38.41666666666667
1440,SG_TO_MY,2026-09-26T12:30:00,40.733333333333334,xgb[maps+prof],34.756591796875,31.124490331519183,38.275000000000006
1440,SG_TO_MY,2026-09-26T12:40:00,37.28333333333333,xgb[maps+prof],35.10602569580078,30.659061822141908,40.233333333333334
1440,SG_TO_MY,2026-09-26T12:50:00,35.733333333333334,xgb[maps+prof],35.5379524230957,30.496399665270754,43.66666666666667
1440,SG_TO_MY,2026-09-26T13:00:00,34.04166666666667,xgb[maps+prof],35.15777587890625,30.62398366483899,39.93333333333334
1440,SG_TO_MY,2026-09-26T13:10:00,32.475,xgb[maps+prof],34.47628402709961,31.00034786327124,42.46666666666667
1440,SG_TO_MY,2026-09-26T13:20:00,31.641666666666666,xgb[maps+prof],37.63950729370117,31.55892794095697,34.81666666666666
1440,SG_TO_MY,2026-09-26T13:30:00,32.225,xgb[maps+prof],39.039306640625,32.21439719779632,37.34166666666667
1440,SG_TO_MY,2026-09-26T13:40:00,34.125,xgb[maps+prof],41.374454498291016,32.87092332874355,36.24166666666667
1440,SG_TO_MY,2026-09-26T13:50:00,34.2,xgb[maps+prof],42.56623840332031,33.43157939690543,36.06666666666666
1440,SG_TO_MY,2026-09-26T14:00:00,35.13333333333333,xgb[maps+prof],42.842777252197266,33.80801423044769,33.458333333333336
1440,SG_TO_MY,2026-09-26T14:10:00,35.95833333333333,xgb[maps+prof],42.83230209350586,33.92944428722707,34.49166666666667
1440,SG_TO_MY,2026-09-26T14:20:00,40.766666666666666,xgb[maps+prof],42.976009368896484,33.75007706830485,35.775
1440,SG_TO_MY,2026-09-26T14:30:00,35.06666666666666,xgb[maps+prof],41.52753448486328,33.254212664822106,37.608333333333334
1440,SG_TO_MY,2026-09-26T14:40:00,35.30833333333334,xgb[maps+prof],39.09503936767578,32.45848331974995,34.858333333333334
1440,SG_TO_MY,2026-09-26T14:50:00,37.44166666666666,xgb[maps+prof],35.14982986450195,31.4109613601433,34.70833333333333
1440,SG_TO_MY,2026-09-26T15:00:00,35.36666666666666,xgb[maps+prof],35.93855667114258,30.187167757611654,36.425
1440,SG_TO_MY,2026-09-26T15:10:00,37.108333333333334,xgb[maps+prof],35.7154655456543,28.883317503813107,40.15833333333333
1440,SG_TO_MY,2026-09-26T15:20:00,35.475,xgb[maps+prof],32.383689880371094,27.607413798172413,38.675
1440,SG_TO_MY,2026-09-26T15:30:00,34.44166666666666,xgb[maps+prof],29.596654891967773,26.469022887283824,37.21666666666667
1440,SG_TO_MY,2026-09-26T15:40:00,34.04166666666667,xgb[maps+prof],28.89767837524414,25.568702578706038,32.975
1440,SG_TO_MY,2026-09-26T15:50:00,33.81666666666666,xgb[maps+prof],28.83841323852539,24.98810482729105,31.78333333333333
1440,SG_TO_MY,2026-09-26T16:00:00,33.84166666666667,xgb[maps+prof],29.630430221557617,24.781720402626295,33.275
1440,SG_TO_MY,2026-09-26T16:10:00,35.69166666666666,xgb[maps+prof],29.9313907623291,24.97108545883867,37.06666666666666
1440,SG_TO_MY,2026-09-26T16:20:00,35.63333333333334,xgb[maps+prof],30.972490310668945,25.5420394611323,37.725
1440,SG_TO_MY,2026-09-26T16:30:00,35.150000000000006,xgb[maps+prof],30.94136619567871,26.44533338104193,37.391666666666666
1440,SG_TO_MY,2026-09-26T16:40:00,38.983333333333334,xgb[maps+prof],32.525333404541016,27.600564605931925,37.63333333333333
1440,SG_TO_MY,2026-09-26T16:50:00,41.974999999999994,xgb[maps+prof],34.475250244140625,28.90309231629789,36.86666666666667
1440,SG_TO_MY,2026-09-26T17:00:00,40.224999999999994,xgb[maps+prof],34.29454040527344,30.233296133204284,36.583333333333336
1440,SG_TO_MY,2026-09-26T17:10:00,39.65833333333333,xgb[maps+prof],36.537757873535156,31.46731062863494,38.141666666666666
1440,SG_TO_MY,2026-09-26T17:20:00,43.3,xgb[maps+prof],37.38645553588867,32.488221906214605,38.88333333333333
1440,SG_TO_MY,2026-09-26T17:30:00,41.66666666666667,xgb[maps+prof],37.3228759765625,33.19666469712052,43.141666666666666
1440,SG_TO_MY,2026-09-26T17:40:00,39.975,xgb[maps+prof],38.84645462036133,33.51981425964031,45.266666666666666
1440,SG_TO_MY,2026-09-26T17:50:00,38.61666666666667,xgb[maps+prof],40.67021560668945,33.41792145587051,47.483333333333334
1440,SG_TO_MY,2026-09-26T18:00:00,37.525,xgb[maps+prof],40.39906311035156,32.887776514335066,53.625
1440,SG_TO_MY,2026-09-26T18:10:00,38.95,xgb[maps+prof],39.4732780456543,31.9627836821871,57.075
1440,SG_TO_MY,2026-09-26T18:20:00,37.50833333333333,xgb[maps+prof],34.46491622924805,30.70965581024632,53.46666666666667
1440,SG_TO_MY,2026-09-26T18:30:00,37.7,xgb[maps+prof],34.69745635986328,29.222062538281627,59.7
1440,SG_TO_MY,2026-09-26T18:40:00,36.24166666666667,xgb[maps+prof],39.15726089477539,27.611856126285574,56.641666666666666
1440,SG_TO_MY,2026-09-26T18:50:00,35.275000000000006,xgb[maps+prof],36.431270599365234,25.998726642138845,55.70833333333333
1440,SG_TO_MY,2026-09-26T19:00:00,34.95,xgb[maps+prof],34.867271423339844,24.499281118968337,55.36666666666667
1440,SG_TO_MY,2026-09-26T19:10:00,36.54166666666667,xgb[maps+prof],32.859458923339844,23.21658599717884,53.50833333333333
1440,SG_TO_MY,2026-09-26T19:20:00,34.625,xgb[maps+prof],31.790016174316406,22.23115513358677,53.81666666666667
1440,SG_TO_MY,2026-09-26T19:30:00,33.016666666666666,xgb[maps+prof],30.90471839904785,21.59421354546593,48.03333333333333
1440,SG_TO_MY,2026-09-26T19:40:00,30.225,xgb[maps+prof],34.83751678466797,21.32383593583508,41.81666666666666
1440,SG_TO_MY,2026-09-26T19:50:00,29.40833333333333,xgb[maps+prof],30.460201263427734,21.40427270026057,39.900000000000006
1440,SG_TO_MY,2026-09-26T20:00:00,26.93333333333333,xgb[maps+prof],32.40077590942383,21.78846354979908,40.733333333333334
1440,SG_TO_MY,2026-09-26T20:10:00,28.891666666666666,xgb[maps+prof],27.8651123046875,22.40343133806375,39.20833333333333
1440,SG_TO_MY,2026-09-26T20:20:00,26.441666666666666,xgb[maps+prof],27.777517318725586,23.157976444590258,38.983333333333334
1440,SG_TO_MY,2026-09-26T20:30:00,27.84166666666667,xgb[maps+prof],26.924711227416992,23.95188144491004,34.358333333333334
1440,SG_TO_MY,2026-09-26T20:40:00,25.34166666666667,xgb[maps+prof],29.1007137298584,24.685706512512343,35.958333333333336
1440,SG_TO_MY,2026-09-26T20:50:00,24.325000000000003,xgb[maps+prof],29.38882064819336,25.270219309104007,32.46666666666667
1440,SG_TO_MY,2026-09-26T21:00:00,24.975,xgb[maps+prof],29.84114646911621,25.634560835529005,33.075
1440,SG_TO_MY,2026-09-26T21:10:00,24.166666666666664,xgb[maps+prof],29.62523078918457,25.732393183989025,30.383333333333333
1440,SG_TO_MY,2026-09-26T21:20:00,22.591666666666665,xgb[maps+prof],30.0963134765625,25.545490194457305,29.44166666666667
1440,SG_TO_MY,2026-09-26T21:30:00,21.275,xgb[maps+prof],30.872882843017578,25.08449481248381,30.683333333333334
1440,SG_TO_MY,2026-09-26T21:40:00,22.641666666666666,xgb[maps+prof],29.27820587158203,24.38685035452845,30.46666666666667
1440,SG_TO_MY,2026-09-26T21:50:00,21.59166666666667,xgb[maps+prof],28.180511474609375,23.512188366232483,29.525
1440,SG_TO_MY,2026-09-26T22:00:00,22.525,xgb[maps+prof],26.557334899902344,22.53569624753098,28.65
1440,SG_TO_MY,2026-09-26T22:10:00,21.866666666666667,xgb[maps+prof],25.48870277404785,21.540170428767563,25.549999999999997
1440,SG_TO_MY,2026-09-26T22:20:00,21.866666666666667,xgb[maps+prof],24.257049560546875,20.607569099826463,26.366666666666667
1440,SG_TO_MY,2026-09-26T22:30:00,20.200000000000003,xgb[maps+prof],23.698448181152344,19.810903673801626,25.775
1440,SG_TO_MY,2026-09-26T22:40:00,19.833333333333332,xgb[maps+prof],22.3815975189209,19.207250185254434,25.016666666666666
1440,SG_TO_MY,2026-09-26T22:50:00,21.266666666666666,xgb[maps+prof],22.017864227294922,18.832528852087783,23.95
1440,SG_TO_MY,2026-09-26T23:00:00,21.925,xgb[maps+prof],21.461795806884766,18.698507469853965,24.908333333333335
1440,SG_TO_MY,2026-09-26T23:10:00,22.65,xgb[maps+prof],22.078489303588867,18.792253020144535,25.333333333333332
1440,SG_TO_MY,2026-09-26T23:20:00,21.983333333333334,xgb[maps+prof],21.360883712768555,19.078009918288885,24.25
1440,SG_TO_MY,2026-09-26T23:30:00,21.875,xgb[maps+prof],22.87757682800293,19.50124743552345,25.766666666666666
1440,SG_TO_MY,2026-09-26T23:40:00,21.541666666666664,xgb[maps+prof],23.08058738708496,19.994415918017385,25.458333333333336
1440,SG_TO_MY,2026-09-26T23:50:00,22.2,xgb[maps+prof],23.245145797729492,20.48380034399866,25.333333333333332
1440,SG_TO_MY,2026-09-27T00:00:00,21.125,xgb[maps+prof],20.3758487701416,20.896780319677465,23.616666666666667
1440,SG_TO_MY,2026-09-27T00:10:00,23.28333333333333,xgb[maps+prof],20.30124282836914,21.16882121917762,22.441666666666666
1440,SG_TO_MY,2026-09-27T00:20:00,21.275,xgb[maps+prof],21.28959846496582,21.24923029078522,22.833333333333336
1440,SG_TO_MY,2026-09-27T00:30:00,20.691666666666666,xgb[maps+prof],20.7083797454834,21.105848542018755,21.991666666666667
1440,SG_TO_MY,2026-09-27T00:40:00,19.858333333333334,xgb[maps+prof],20.43269920349121,20.727543100169388,22.425
1440,SG_TO_MY,2026-09-27T00:50:00,18.008333333333333,xgb[maps+prof],19.12705421447754,20.12470790184556,21.691666666666666
1440,SG_TO_MY,2026-09-27T01:00:00,16.741666666666667,xgb[maps+prof],19.0856876373291,19.327719954847993,21.116666666666667
1440,SG_TO_MY,2026-09-27T01:10:00,14.975000000000001,xgb[maps+prof],17.08621597290039,18.38357151655557,22.566666666666666
1440,SG_TO_MY,2026-09-27T01:20:00,14.475000000000001,xgb[maps+prof],16.251480102539062,17.351065291778593,20.09166666666667
1440,SG_TO_MY,2026-09-27T01:30:00,15.65,xgb[maps+prof],15.634915351867676,16.2950828978252,16.641666666666666
1440,SG_TO_MY,2026-09-27T01:40:00,16.35,xgb[maps+prof],15.13120174407959,15.280506336210697,15.641666666666666
1440,SG_TO_MY,2026-09-27T01:50:00,16.6,xgb[maps+prof],14.217848777770996,14.366383634764786,15.141666666666666
1440,SG_TO_MY,2026-09-27T02:00:00,15.75,xgb[maps+prof],13.68814754486084,13.600884545297415,14.058333333333334
1440,SG_TO_MY,2026-09-27T02:10:00,15.325,xgb[maps+prof],13.326427459716797,13.017496922332962,13.258333333333333
1440,SG_TO_MY,2026-09-27T02:20:00,15.191666666666666,xgb[maps+prof],12.910136222839355,12.63278032559698,13.1
1440,SG_TO_MY,2026-09-27T02:30:00,14.933333333333334,xgb[maps+prof],12.957615852355957,12.445834776477184,14.366666666666667
1440,SG_TO_MY,2026-09-27T02:40:00,14.708333333333334,xgb[maps+prof],13.134700775146484,12.439475358337111,15.066666666666666
1440,SG_TO_MY,2026-09-27T02:50:00,14.583333333333332,xgb[maps+prof],13.094575881958008,12.582943402536298,15.116666666666667
1440,SG_TO_MY,2026-09-27T03:00:00,14.524999999999999,xgb[maps+prof],13.159858703613281,12.835846792471607,14.491666666666667
1440,SG_TO_MY,2026-09-27T03:10:00,13.675,xgb[maps+prof],12.942793846130371,13.152917162202309,14.025
1440,SG_TO_MY,2026-09-27T03:20:00,13.391666666666666,xgb[maps+prof],13.267969131469727,13.489108531851267,13.916666666666666
1440,SG_TO_MY,2026-09-27T03:30:00,13.583333333333334,xgb[maps+prof],13.24656867980957,13.80454411433432,14.316666666666666
1440,SG_TO_MY,2026-09-27T03:40:00,13.658333333333333,xgb[maps+prof],13.870427131652832,14.068845295255837,13.991666666666667
1440,SG_TO_MY,2026-09-27T03:50:00,13.158333333333333,xgb[maps+prof],13.983667373657227,14.264444820392475,14.933333333333334
1440,SG_TO_MY,2026-09-27T04:00:00,13.283333333333333,xgb[maps+prof],13.813742637634277,14.38858738760182,16.041666666666668
1440,SG_TO_MY,2026-09-27T04:10:00,13.725000000000001,xgb[maps+prof],13.809749603271484,14.453845047747848,16.75
1440,SG_TO_MY,2026-09-27T04:20:00,13.733333333333334,xgb[maps+prof],13.797248840332031,14.487110558125224,17.71666666666667
1440,SG_TO_MY,2026-09-27T04:30:00,13.774999999999999,xgb[maps+prof],13.948999404907227,14.52716721497626,18.025
1440,SG_TO_MY,2026-09-27T04:40:00,14.075,xgb[maps+prof],14.417028427124023,14.621057457851833,18.433333333333334
1440,SG_TO_MY,2026-09-27T04:50:00,14.375,xgb[maps+prof],15.06666088104248,14.819574913166386,18.2
1440,SG_TO_MY,2026-09-27T05:00:00,14.833333333333334,xgb[maps+prof],15.347126007080078,15.172277906323924,18.758333333333333
1440,SG_TO_MY,2026-09-27T05:10:00,15.024999999999999,xgb[maps+prof],15.801541328430176,15.722461795948897,19.825
1440,SG_TO_MY,2026-09-27T05:20:00,15.433333333333334,xgb[maps+prof],15.878154754638672,16.50253055080605,21.483333333333334
1440,SG_TO_MY,2026-09-27T05:30:00,16.40833333333333,xgb[maps+prof],15.905524253845215,17.53017537897334,22.483333333333334
1440,SG_TO_MY,2026-09-27T05:40:00,16.116666666666667,xgb[maps+prof],17.061851501464844,18.805703110007656,22.19166666666667
1440,SG_TO_MY,2026-09-27T05:50:00,16.200000000000003,xgb[maps+prof],18.141542434692383,20.310764857155306,23.766666666666666
1440,SG_TO_MY,2026-09-27T06:00:00,16.258333333333333,xgb[maps+prof],18.51240348815918,22.008623474452946,28.008333333333333
1440,SG_TO_MY,2026-09-27T06:10:00,16.825,xgb[maps+prof],19.62722396850586,23.845974961372832,28.441666666666666
1440,SG_TO_MY,2026-09-27T06:20:00,17.09166666666667,xgb[maps+prof],20.389732360839844,25.756213436684124,31.81666666666667
1440,SG_TO_MY,2026-09-27T06:30:00,20.71666666666667,xgb[maps+prof],20.619211196899414,27.663910896573412,38.24166666666667
1440,SG_TO_MY,2026-09-27T06:40:00,22.566666666666666,xgb[maps+prof],21.97861099243164,29.490180524203367,36.75833333333333
1440,SG_TO_MY,2026-09-27T06:50:00,26.333333333333332,xgb[maps+prof],23.748292922973633,31.158513661048133,45.291666666666664
1440,SG_TO_MY,2026-09-27T07:00:00,25.416666666666664,xgb[maps+prof],25.648178100585938,32.60063201454542,47.93333333333334
1440,SG_TO_MY,2026-09-27T07:10:00,23.95,xgb[maps+prof],22.070621490478516,33.761882650389495,44.74166666666666
1440,SG_TO_MY,2026-09-27T07:20:00,25.575,xgb[maps+prof],22.34581184387207,34.60572589087768,40.2
1440,SG_TO_MY,2026-09-27T07:30:00,24.741666666666667,xgb[maps+prof],22.767566680908203,35.11692495358268,41.61666666666667
1440,SG_TO_MY,2026-09-27T07:40:00,26.666666666666664,xgb[maps+prof],22.583730697631836,35.30313789277237,42.791666666666664
1440,SG_TO_MY,2026-09-27T07:50:00,27.666666666666664,xgb[maps+prof],22.121192932128906,35.19473140667801,41.425
1440,SG_TO_MY,2026-09-27T08:00:00,28.491666666666667,xgb[maps+prof],21.68137550354004,34.84277421789187,43.95
1440,SG_TO_MY,2026-09-27T08:10:00,27.866666666666667,xgb[maps+prof],24.20624351501465,34.315314936894126,49.375
1440,SG_TO_MY,2026-09-27T08:20:00,27.108333333333334,xgb[maps+prof],21.951570510864258,33.69219416549543,50.15
1440,SG_TO_MY,2026-09-27T08:30:00,26.941666666666666,xgb[maps+prof],20.161731719970703,33.05877114465609,47.63333333333333
1440,SG_TO_MY,2026-09-27T08:40:00,26.708333333333336,xgb[maps+prof],19.69407081604004,32.499049959396935,45.55
1440,SG_TO_MY,2026-09-27T08:50:00,26.425,xgb[maps+prof],19.8830509185791,32.08875904229087,41.25
1440,SG_TO_MY,2026-09-27T09:00:00,24.666666666666664,xgb[maps+prof],22.374439239501953,31.88896270655003,47.150000000000006
1440,SG_TO_MY,2026-09-27T09:10:00,26.424999999999997,xgb[maps+prof],22.607868194580078,31.94076017867198,47.69166666666666
1440,SG_TO_MY,2026-09-27T09:20:00,26.625,xgb[maps+prof],19.51712417602539,32.26155548530376,43.775
1440,SG_TO_MY,2026-09-27T09:30:00,30.75,xgb[maps+prof],20.053823471069336,32.84326424520609,38.94166666666666
1440,SG_TO_MY,2026-09-27T09:40:00,32.59166666666667,xgb[maps+prof],20.708892822265625,33.65266885594789,38.733333333333334
1440,SG_TO_MY,2026-09-27T09:50:00,35.69166666666666,xgb[maps+prof],21.08452796936035,34.633953533898094,44.13333333333333
1440,SG_TO_MY,2026-09-27T10:00:00,41.375,xgb[maps+prof],27.0236873626709,35.71325999687505,49.608333333333334
1440,SG_TO_MY,2026-09-27T10:10:00,38.11666666666667,xgb[maps+prof],27.037338256835938,36.80491997338993,48.599999999999994
1440,SG_TO_MY,2026-09-27T10:20:00,37.28333333333333,xgb[maps+prof],29.071239471435547,37.81885930389652,48.175
1440,SG_TO_MY,2026-09-27T10:30:00,40.55833333333334,xgb[maps+prof],30.479393005371094,38.66854611089772,48.125
1440,SG_TO_MY,2026-09-27T10:40:00,46.891666666666666,xgb[maps+prof],33.75236511230469,39.27878551630429,53.74166666666667
1440,SG_TO_MY,2026-09-27T10:50:00,44.141666666666666,xgb[maps+prof],32.931304931640625,39.59265461244814,54.141666666666666
1440,SG_TO_MY,2026-09-27T11:00:00,40.4,xgb[maps+prof],30.632017135620117,39.57692744112042,50.05
1440,SG_TO_MY,2026-09-27T11:10:00,39.00833333333333,xgb[maps+prof],33.1894645690918,39.22545819435054,47.583333333333336
1440,SG_TO_MY,2026-09-27T11:20:00,43.075,xgb[maps+prof],33.65849304199219,38.56016321069312,50.0
1440,SG_TO_MY,2026-09-27T11:30:00,41.33333333333333,xgb[maps+prof],31.16544532775879,37.6294544950361,48.958333333333336
1440,SG_TO_MY,2026-09-27T11:40:00,41.93333333333334,xgb[maps+prof],28.46841049194336,36.504210834377034,45.608333333333334
1440,SG_TO_MY,2026-09-27T11:50:00,38.91666666666667,xgb[maps+prof],23.881315231323242,35.2716056276615,42.90833333333333
1440,SG_TO_MY,2026-09-27T12:00:00,40.33333333333333,xgb[maps+prof],23.302200317382812,34.027320910263114,47.525
1440,SG_TO_MY,2026-09-27T12:10:00,41.7,xgb[maps+prof],21.91120719909668,32.86684363466675,44.75
1440,SG_TO_MY,2026-09-27T12:20:00,35.7,xgb[maps+prof],19.641027450561523,31.87664541359081,43.775
1440,SG_TO_MY,2026-09-27T12:30:00,36.175,xgb[maps+prof],19.776533126831055,31.12607833772831,40.733333333333334
1440,SG_TO_MY,2026-09-27T12:40:00,32.325,xgb[maps+prof],18.25723648071289,30.660771647711773,37.28333333333333
1440,SG_TO_MY,2026-09-27T12:50:00,33.2,xgb[maps+prof],18.052907943725586,30.498189091811746,35.733333333333334
1440,SG_TO_MY,2026-09-27T13:00:00,26.96666666666667,xgb[maps+prof],19.933412551879883,30.625814560120556,34.04166666666667
1440,SG_TO_MY,2026-09-27T13:10:00,22.71666666666667,xgb[maps+prof],19.291778564453125,31.00219086991742,32.475
1440,SG_TO_MY,2026-09-27T13:20:00,21.825,xgb[maps+prof],21.32308578491211,31.56076575119628,31.641666666666666
1440,SG_TO_MY,2026-09-27T13:30:00,24.641666666666666,xgb[maps+prof],20.91396141052246,32.216225994309994,32.225
1440,SG_TO_MY,2026-09-27T13:40:00,29.525,xgb[maps+prof],22.729618072509766,32.87275221103623,34.125
1440,SG_TO_MY,2026-09-27T13:50:00,29.183333333333334,xgb[maps+prof],23.396650314331055,33.433427875828514,34.2
1440,SG_TO_MY,2026-09-27T14:00:00,30.15,xgb[maps+prof],23.022916793823242,33.80990812782528,35.13333333333333
1440,SG_TO_MY,2026-09-27T14:10:00,28.433333333333334,xgb[maps+prof],23.220230102539062,33.93141059113309,35.95833333333333
1440,SG_TO_MY,2026-09-27T14:20:00,29.3,xgb[maps+prof],23.89563751220703,33.75213844035129,40.766666666666666
1440,SG_TO_MY,2026-09-27T14:30:00,28.166666666666668,xgb[maps+prof],20.927719116210938,33.256382354889325,35.06666666666666
1440,SG_TO_MY,2026-09-27T14:40:00,26.875,xgb[maps+prof],20.323047637939453,32.460761207455036,35.30833333333334
1440,SG_TO_MY,2026-09-27T14:50:00,24.59166666666667,xgb[maps+prof],19.15924644470215,31.413331714150914,37.44166666666666
1440,SG_TO_MY,2026-09-27T15:00:00,25.125,xgb[maps+prof],18.403261184692383,30.189599098128387,35.36666666666666
1440,SG_TO_MY,2026-09-27T15:10:00,26.21666666666667,xgb[maps+prof],18.394378662109375,28.88576469444627,37.108333333333334
1440,SG_TO_MY,2026-09-27T15:20:00,25.866666666666667,xgb[maps+prof],18.405214309692383,27.609822211805106,35.475
1440,SG_TO_MY,2026-09-27T15:30:00,24.058333333333334,xgb[maps+prof],19.12442398071289,26.471334220919157,34.44166666666666
1440,SG_TO_MY,2026-09-27T15:40:00,24.583333333333332,xgb[maps+prof],19.14287567138672,25.57086166763219,34.04166666666667
1440,SG_TO_MY,2026-09-27T15:50:00,23.208333333333332,xgb[maps+prof],19.071121215820312,24.990066657731152,33.81666666666666
1440,SG_TO_MY,2026-09-27T16:00:00,22.691666666666666,xgb[maps+prof],20.17636489868164,24.78345646415927,33.84166666666667
1440,SG_TO_MY,2026-09-27T16:10:00,21.616666666666667,xgb[maps+prof],20.237998962402344,24.972588622300144,35.69166666666666
1440,SG_TO_MY,2026-09-27T16:20:00,21.791666666666664,xgb[maps+prof],20.03020668029785,25.543326711306705,35.63333333333334
1440,SG_TO_MY,2026-09-27T16:30:00,22.991666666666667,xgb[maps+prof],21.115636825561523,26.446445961234247,35.150000000000006
1440,SG_TO_MY,2026-09-27T16:40:00,23.883333333333333,xgb[maps+prof],20.311729431152344,27.601565418219337,38.983333333333334
1440,SG_TO_MY,2026-09-27T16:50:00,26.35,xgb[maps+prof],21.925874710083008,28.904060734307365,41.974999999999994
1440,SG_TO_MY,2026-09-27T17:00:00,28.583333333333332,xgb[maps+prof],22.396602630615234,30.234320687456524,40.224999999999994
1440,SG_TO_MY,2026-09-27T17:10:00,39.625,xgb[maps+prof],20.785402297973633,31.468480282295634,39.65833333333333
1440,SG_TO_MY,2026-09-27T17:20:00,40.25833333333333,xgb[maps+prof],21.133285522460938,32.4896168207868,43.3
1440,SG_TO_MY,2026-09-27T17:30:00,40.733333333333334,xgb[maps+prof],23.77088165283203,33.19834747095925,41.66666666666667
1440,SG_TO_MY,2026-09-27T17:40:00,38.78333333333333,xgb[maps+prof],23.434383392333984,33.52182259608421,39.975
1440,SG_TO_MY,2026-09-27T17:50:00,36.391666666666666,xgb[maps+prof],21.678619384765625,33.42026308371073,38.61666666666667
1440,SG_TO_MY,2026-09-27T18:00:00,33.75,xgb[maps+prof],23.35228157043457,32.890426955181404,37.525
1440,SG_TO_MY,2026-09-27T18:10:00,34.96666666666667,xgb[maps+prof],22.880388259887695,31.96568716186933,38.95
1440,SG_TO_MY,2026-09-27T18:20:00,33.8,xgb[maps+prof],20.870187759399414,30.712729277638452,37.50833333333333
1440,SG_TO_MY,2026-09-27T18:30:00,27.325,xgb[maps+prof],19.913381576538086,29.22520242213075,37.7
1440,SG_TO_MY,2026-09-27T18:40:00,22.03333333333333,xgb[maps+prof],21.3052921295166,27.61494716609317,36.24166666666667
1440,SG_TO_MY,2026-09-27T18:50:00,17.491666666666667,xgb[maps+prof],19.09878921508789,26.001651905967435,35.275000000000006
1440,SG_TO_MY,2026-09-27T19:00:00,17.200000000000003,xgb[maps+prof],18.510177612304688,24.501932194264562,34.95
1440,SG_TO_MY,2026-09-27T19:10:00,16.3,xgb[maps+prof],18.149005889892578,23.218872324423018,36.54166666666667
1440,SG_TO_MY,2026-09-27T19:20:00,16.825000000000003,xgb[maps+prof],18.692638397216797,22.23301154836976,34.625
1440,SG_TO_MY,2026-09-27T19:30:00,18.183333333333334,xgb[maps+prof],17.51958656311035,21.59560529134079,33.016666666666666
1440,SG_TO_MY,2026-09-27T19:40:00,20.71666666666667,xgb[maps+prof],17.591650009155273,21.32476068550384,30.225
1440,SG_TO_MY,2026-09-27T19:50:00,20.725,xgb[maps+prof],17.776615142822266,21.404759445102577,29.40833333333333
1440,SG_TO_MY,2026-09-27T20:00:00,19.833333333333332,xgb[maps+prof],19.619728088378906,21.788568551077905,26.93333333333333
1440,SG_TO_MY,2026-09-27T20:10:00,20.316666666666666,xgb[maps+prof],19.13353157043457,22.403231640101854,28.891666666666666
1440,SG_TO_MY,2026-09-27T20:20:00,21.125,xgb[maps+prof],20.133447647094727,23.157561696881437,26.441666666666666
1440,SG_TO_MY,2026-09-27T20:30:00,20.21666666666667,xgb[maps+prof],22.03034019470215,23.95134493988592,27.84166666666667
1440,SG_TO_MY,2026-09-27T20:40:00,20.916666666666664,xgb[maps+prof],23.838653564453125,24.68513640205369,25.34166666666667
1440,SG_TO_MY,2026-09-27T20:50:00,20.975,xgb[maps+prof],24.107168197631836,25.269690911458714,24.325000000000003
1440,SG_TO_MY,2026-09-27T21:00:00,20.291666666666664,xgb[maps+prof],24.246652603149414,25.634130793010154,24.975
1440,SG_TO_MY,2026-09-27T21:10:00,17.233333333333334,xgb[maps+prof],24.462278366088867,25.732095999924276,24.166666666666664
1440,SG_TO_MY,2026-09-27T21:20:00,18.816666666666666,xgb[maps+prof],24.34053611755371,25.54533739351107,22.591666666666665
1440,SG_TO_MY,2026-09-27T21:30:00,20.916666666666668,xgb[maps+prof],24.10305404663086,25.084476665369454,21.275
1440,SG_TO_MY,2026-09-27T21:40:00,21.083333333333336,xgb[maps+prof],24.08613395690918,24.386939821488706,22.641666666666666
1440,SG_TO_MY,2026-09-27T21:50:00,18.433333333333334,xgb[maps+prof],23.198944091796875,23.512346676107786,21.59166666666667
1440,SG_TO_MY,2026-09-27T22:00:00,20.59166666666667,xgb[maps+prof],22.21639633178711,22.535879366998525,22.525
1440,SG_TO_MY,2026-09-27T22:10:00,20.05,xgb[maps+prof],21.79157066345215,21.540335606315622,21.866666666666667
1440,SG_TO_MY,2026-09-27T22:20:00,19.266666666666666,xgb[maps+prof],19.909334182739258,20.607680696949885,21.866666666666667
1440,SG_TO_MY,2026-09-27T22:30:00,19.458333333333332,xgb[maps+prof],18.14649200439453,19.8109376158341,20.200000000000003
1440,SG_TO_MY,2026-09-27T22:40:00,18.53333333333333,xgb[maps+prof],17.855295181274414,19.207196559506144,19.833333333333332
1440,SG_TO_MY,2026-09-27T22:50:00,18.116666666666667,xgb[maps+prof],17.516033172607422,18.832392426270516,21.266666666666666
1440,SG_TO_MY,2026-09-27T23:00:00,20.0,xgb[maps+prof],18.033836364746094,18.698306168462487,21.925
1440,SG_TO_MY,2026-09-27T23:10:00,20.858333333333334,xgb[maps+prof],18.27578353881836,18.792014648176693,22.65
1440,SG_TO_MY,2026-09-27T23:20:00,21.916666666666664,xgb[maps+prof],17.944686889648438,19.077767630322604,21.983333333333334
1440,SG_TO_MY,2026-09-27T23:30:00,21.891666666666666,xgb[maps+prof],18.868253707885742,19.501034589445677,21.875
1440,SG_TO_MY,2026-09-27T23:40:00,21.266666666666666,xgb[maps+prof],19.074478149414062,19.99426101098538,21.541666666666664
1440,SG_TO_MY,2026-09-27T23:50:00,21.116666666666667,xgb[maps+prof],18.84255027770996,20.48372269827114,22.2
1440,MY_TO_SG,2026-09-25T00:00:00,14.891666666666666,xgb[maps+prof],18.591035842895508,20.591443436544974,15.708333333333332
1440,MY_TO_SG,2026-09-25T00:10:00,14.983333333333334,xgb[maps+prof],18.338884353637695,20.13413989516599,15.483333333333334
1440,MY_TO_SG,2026-09-25T00:20:00,14.458333333333334,xgb[maps+prof],18.292421340942383,19.673103090309333,15.225000000000001
1440,MY_TO_SG,2026-09-25T00:30:00,14.841666666666667,xgb[maps+prof],17.764490127563477,19.20951626307989,14.941666666666666
1440,MY_TO_SG,2026-09-25T00:40:00,14.766666666666666,xgb[maps+prof],17.31821060180664,18.748549784201114,15.25
1440,MY_TO_SG,2026-09-25T00:50:00,13.683333333333334,xgb[maps+prof],17.178617477416992,18.298546618275175,15.333333333333332
1440,MY_TO_SG,2026-09-25T01:00:00,14.258333333333333,xgb[maps+prof],16.692567825317383,17.869821071845802,14.8
1440,MY_TO_SG,2026-09-25T01:10:00,14.358333333333334,xgb[maps+prof],16.615997314453125,17.473222510950183,14.508333333333333
1440,MY_TO_SG,2026-09-25T01:20:00,14.291666666666668,xgb[maps+prof],16.126623153686523,17.118636849643764,14.341666666666667
1440,MY_TO_SG,2026-09-25T01:30:00,13.975,xgb[maps+prof],16.247501373291016,16.813601759540205,14.508333333333333
1440,MY_TO_SG,2026-09-25T01:40:00,13.55,xgb[maps+prof],16.034521102905273,16.562196996865683,14.8
1440,MY_TO_SG,2026-09-25T01:50:00,14.291666666666668,xgb[maps+prof],15.90824031829834,16.36434087724054,14.816666666666666
1440,MY_TO_SG,2026-09-25T02:00:00,14.775,xgb[maps+prof],15.871065139770508,16.215581021556282,14.350000000000001
1440,MY_TO_SG,2026-09-25T02:10:00,15.883333333333333,xgb[maps+prof],15.647156715393066,16.107416353690695,14.258333333333333
1440,MY_TO_SG,2026-09-25T02:20:00,15.683333333333334,xgb[maps+prof],15.75793743133545,16.028132868201784,14.591666666666665
1440,MY_TO_SG,2026-09-25T02:30:00,15.558333333333334,xgb[maps+prof],15.805584907531738,15.964082978253494,15.125
1440,MY_TO_SG,2026-09-25T02:40:00,15.808333333333334,xgb[maps+prof],15.94084358215332,15.901292091872588,14.875
1440,MY_TO_SG,2026-09-25T02:50:00,15.216666666666667,xgb[maps+prof],15.957367897033691,15.827240558663838,14.591666666666667
1440,MY_TO_SG,2026-09-25T03:00:00,14.516666666666666,xgb[maps+prof],15.666876792907715,15.732647387295032,14.075
1440,MY_TO_SG,2026-09-25T03:10:00,14.091666666666665,xgb[maps+prof],15.573492050170898,15.613076035895276,13.991666666666667
1440,MY_TO_SG,2026-09-25T03:20:00,14.391666666666666,xgb[maps+prof],15.367595672607422,15.470192655497799,14.466666666666667
1440,MY_TO_SG,2026-09-25T03:30:00,13.95,xgb[maps+prof],15.518688201904297,15.312532597873938,14.691666666666666
1440,MY_TO_SG,2026-09-25T03:40:00,14.566666666666666,xgb[maps+prof],15.503631591796875,15.155669701017505,14.008333333333333
1440,MY_TO_SG,2026-09-25T03:50:00,14.741666666666667,xgb[maps+prof],14.867888450622559,15.021731683519919,14.033333333333335
1440,MY_TO_SG,2026-09-25T04:00:00,14.483333333333334,xgb[maps+prof],14.628937721252441,14.938259947728849,14.033333333333333
1440,MY_TO_SG,2026-09-25T04:10:00,15.216666666666667,xgb[maps+prof],14.617988586425781,14.936468748582401,13.883333333333333
1440,MY_TO_SG,2026-09-25T04:20:00,14.958333333333332,xgb[maps+prof],14.882943153381348,15.049012414331495,14.7
1440,MY_TO_SG,2026-09-25T04:30:00,15.375,xgb[maps+prof],15.212766647338867,15.307415686353576,14.575
1440,MY_TO_SG,2026-09-25T04:40:00,15.683333333333334,xgb[maps+prof],15.773948669433594,15.739357384845992,15.341666666666667
1440,MY_TO_SG,2026-09-25T04:50:00,16.375,xgb[maps+prof],16.33922576904297,16.36601843417293,16.608333333333334
1440,MY_TO_SG,2026-09-25T05:00:00,17.433333333333334,xgb[maps+prof],16.794343948364258,17.199709784584755,17.483333333333334
1440,MY_TO_SG,2026-09-25T05:10:00,17.416666666666664,xgb[maps+prof],17.541486740112305,18.24198316023704,18.475
1440,MY_TO_SG,2026-09-25T05:20:00,19.108333333333334,xgb[maps+prof],19.267900466918945,19.482398369330383,19.675
1440,MY_TO_SG,2026-09-25T05:30:00,18.358333333333334,xgb[maps+prof],20.29547691345215,20.898076952625864,20.641666666666666
1440,MY_TO_SG,2026-09-25T05:40:00,18.40833333333333,xgb[maps+prof],21.656265258789062,22.454116240599546,21.083333333333336
1440,MY_TO_SG,2026-09-25T05:50:00,20.55,xgb[maps+prof],23.186416625976562,24.104874460467787,21.28333333333333
1440,MY_TO_SG,2026-09-25T06:00:00,21.575000000000003,xgb[maps+prof],24.648908615112305,25.79607113553324,22.25
1440,MY_TO_SG,2026-09-25T06:10:00,21.516666666666666,xgb[maps+prof],25.12520980834961,27.467582793000503,24.025
1440,MY_TO_SG,2026-09-25T06:20:00,23.558333333333334,xgb[maps+prof],27.33870506286621,29.056757087342497,26.9
1440,MY_TO_SG,2026-09-25T06:30:00,26.69166666666667,xgb[maps+prof],28.23775291442871,30.50202359611946,27.441666666666666
1440,MY_TO_SG,2026-09-25T06:40:00,29.05,xgb[maps+prof],30.614559173583984,31.746550697762814,29.858333333333334
1440,MY_TO_SG,2026-09-25T06:50:00,28.775,xgb[maps+prof],32.45903396606445,32.741687890768205,31.275
1440,MY_TO_SG,2026-09-25T07:00:00,29.583333333333336,xgb[maps+prof],32.85393524169922,33.44994302915578,35.575
1440,MY_TO_SG,2026-09-25T07:10:00,30.475,xgb[maps+prof],34.159420013427734,33.84727399753008,37.61666666666667
1440,MY_TO_SG,2026-09-25T07:20:00,32.375,xgb[maps+prof],35.370140075683594,33.92452244808171,33.766666666666666
1440,MY_TO_SG,2026-09-25T07:30:00,33.05833333333334,xgb[maps+prof],34.72016906738281,33.68787992678713,31.933333333333334
1440,MY_TO_SG,2026-09-25T07:40:00,32.54166666666667,xgb[maps+prof],34.66590881347656,33.15834924727838,29.525
1440,MY_TO_SG,2026-09-25T07:50:00,30.35,xgb[maps+prof],34.79013442993164,32.37024056911782,31.158333333333335
1440,MY_TO_SG,2026-09-25T08:00:00,28.791666666666664,xgb[maps+prof],31.14618492126465,31.368816023468987,28.65833333333333
1440,MY_TO_SG,2026-09-25T08:10:00,26.700000000000003,xgb[maps+prof],29.6270694732666,30.207262633623962,25.924999999999997
1440,MY_TO_SG,2026-09-25T08:20:00,23.5,xgb[maps+prof],29.38507080078125,28.94322499387608,26.983333333333334
1440,MY_TO_SG,2026-09-25T08:30:00,20.958333333333332,xgb[maps+prof],28.49144172668457,27.635162082888648,29.125
1440,MY_TO_SG,2026-09-25T08:40:00,21.333333333333336,xgb[maps+prof],27.01628303527832,26.338803626168126,24.758333333333333
1440,MY_TO_SG,2026-09-25T08:50:00,20.225,xgb[maps+prof],26.6456356048584,25.103969388925464,22.725
1440,MY_TO_SG,2026-09-25T09:00:00,20.583333333333336,xgb[maps+prof],25.546058654785156,23.971980519336302,22.375
1440,MY_TO_SG,2026-09-25T09:10:00,19.616666666666667,xgb[maps+prof],23.120983123779297,22.973838441115866,22.608333333333334
1440,MY_TO_SG,2026-09-25T09:20:00,18.55,xgb[maps+prof],22.565128326416016,22.12927849617774,21.725
1440,MY_TO_SG,2026-09-25T09:30:00,18.641666666666666,xgb[maps+prof],22.204065322875977,21.446728669676943,21.15
1440,MY_TO_SG,2026-09-25T09:40:00,18.325000000000003,xgb[maps+prof],21.41608238220215,20.92412528021991,20.983333333333334
1440,MY_TO_SG,2026-09-25T09:50:00,18.34166666666667,xgb[maps+prof],20.654800415039062,20.55046471408078,20.65833333333333
1440,MY_TO_SG,2026-09-25T10:00:00,18.041666666666664,xgb[maps+prof],20.143842697143555,20.307909898701126,20.625
1440,MY_TO_SG,2026-09-25T10:10:00,18.833333333333332,xgb[maps+prof],20.34555435180664,20.17422790440408,19.058333333333334
1440,MY_TO_SG,2026-09-25T10:20:00,18.933333333333334,xgb[maps+prof],20.20446014404297,20.125314797551617,19.56666666666667
1440,MY_TO_SG,2026-09-25T10:30:00,17.958333333333336,xgb[maps+prof],20.352367401123047,20.13756748988433,19.166666666666668
1440,MY_TO_SG,2026-09-25T10:40:00,17.933333333333334,xgb[maps+prof],20.133411407470703,20.189889343973043,19.116666666666667
1440,MY_TO_SG,2026-09-25T10:50:00,17.40833333333333,xgb[maps+prof],20.07750129699707,20.26516387638143,18.725
1440,MY_TO_SG,2026-09-25T11:00:00,17.691666666666666,xgb[maps+prof],19.992074966430664,20.351094130402828,18.516666666666666
1440,MY_TO_SG,2026-09-25T11:10:00,18.391666666666666,xgb[maps+prof],19.771028518676758,20.440377622598696,19.575000000000003
1440,MY_TO_SG,2026-09-25T11:20:00,19.333333333333332,xgb[maps+prof],19.75229835510254,20.530260667069868,19.28333333333333
1440,MY_TO_SG,2026-09-25T11:30:00,19.1,xgb[maps+prof],20.036720275878906,20.621583583126586,19.725
1440,MY_TO_SG,2026-09-25T11:40:00,20.21666666666667,xgb[maps+prof],20.5692081451416,20.717482599865555,20.075000000000003
1440,MY_TO_SG,2026-09-25T11:50:00,19.691666666666666,xgb[maps+prof],20.517118453979492,20.821949318636747,19.65833333333333
1440,MY_TO_SG,2026-09-25T12:00:00,20.28333333333333,xgb[maps+prof],20.39583969116211,20.93846048418445,21.21666666666667
1440,MY_TO_SG,2026-09-25T12:10:00,21.566666666666666,xgb[maps+prof],20.8420467376709,21.06887806829585,18.975
1440,MY_TO_SG,2026-09-25T12:20:00,21.25,xgb[maps+prof],20.481855392456055,21.212783431270847,20.90833333333333
1440,MY_TO_SG,2026-09-25T12:30:00,20.55,xgb[maps+prof],20.969125747680664,21.367353300665464,19.85
1440,MY_TO_SG,2026-09-25T12:40:00,20.34166666666667,xgb[maps+prof],20.959144592285156,21.52781541991567,20.2
1440,MY_TO_SG,2026-09-25T12:50:00,20.816666666666666,xgb[maps+prof],20.663789749145508,21.68844553982929,20.366666666666667
1440,MY_TO_SG,2026-09-25T13:00:00,19.575000000000003,xgb[maps+prof],20.520835876464844,21.843993394783546,19.891666666666666
1440,MY_TO_SG,2026-09-25T13:10:00,19.325000000000003,xgb[maps+prof],20.855274200439453,21.99136185599639,19.46666666666667
1440,MY_TO_SG,2026-09-25T13:20:00,20.208333333333332,xgb[maps+prof],20.69134521484375,22.131318108531154,19.425
1440,MY_TO_SG,2026-09-25T13:30:00,19.375,xgb[maps+prof],21.093929290771484,22.26999423747016,18.791666666666668
1440,MY_TO_SG,2026-09-25T13:40:00,18.858333333333334,xgb[maps+prof],20.972566604614258,22.419940403590545,19.433333333333334
1440,MY_TO_SG,2026-09-25T13:50:00,19.333333333333336,xgb[maps+prof],21.163410186767578,22.60052737192423,19.35
1440,MY_TO_SG,2026-09-25T14:00:00,20.424999999999997,xgb[maps+prof],21.79030418395996,22.837554078336726,19.34166666666667
1440,MY_TO_SG,2026-09-25T14:10:00,19.516666666666666,xgb[maps+prof],21.633989334106445,23.161994917794743,18.84166666666667
1440,MY_TO_SG,2026-09-25T14:20:00,18.875,xgb[maps+prof],22.136516571044922,23.607912908741014,18.791666666666668
1440,MY_TO_SG,2026-09-25T14:30:00,19.425,xgb[maps+prof],23.46489715576172,24.209659612345835,19.583333333333336
1440,MY_TO_SG,2026-09-25T14:40:00,20.025,xgb[maps+prof],23.648019790649414,24.998570747977205,20.508333333333333
1440,MY_TO_SG,2026-09-25T14:50:00,19.65833333333333,xgb[maps+prof],25.03555679321289,25.999438249225054,20.008333333333333
1440,MY_TO_SG,2026-09-25T15:00:00,20.108333333333334,xgb[maps+prof],25.27073097229004,27.22708677583022,20.458333333333336
1440,MY_TO_SG,2026-09-25T15:10:00,19.46666666666667,xgb[maps+prof],25.681339263916016,28.683399385082545,21.325
1440,MY_TO_SG,2026-09-25T15:20:00,19.85,xgb[maps+prof],28.093914031982422,30.355120031468022,22.383333333333333
1440,MY_TO_SG,2026-09-25T15:30:00,20.575000000000003,xgb[maps+prof],29.762117385864258,32.21270998216559,21.758333333333333
1440,MY_TO_SG,2026-09-25T15:40:00,20.333333333333336,xgb[maps+prof],31.368196487426758,34.210454677486375,22.625
1440,MY_TO_SG,2026-09-25T15:50:00,22.55,xgb[maps+prof],34.76771926879883,36.287913721943895,21.59166666666667
1440,MY_TO_SG,2026-09-25T16:00:00,22.166666666666664,xgb[maps+prof],36.08971405029297,38.372688786587915,20.35
1440,MY_TO_SG,2026-09-25T16:10:00,22.0,xgb[maps+prof],37.844417572021484,40.38436312950475,20.608333333333334
1440,MY_TO_SG,2026-09-25T16:20:00,21.516666666666666,xgb[maps+prof],39.57400131225586,42.23935371555906,22.208333333333336
1440,MY_TO_SG,2026-09-25T16:30:00,25.508333333333333,xgb[maps+prof],42.13180923461914,43.85632355102204,24.616666666666667
1440,MY_TO_SG,2026-09-25T16:40:00,29.275,xgb[maps+prof],43.040714263916016,45.16173725604884,33.63333333333333
1440,MY_TO_SG,2026-09-25T16:50:00,31.991666666666667,xgb[maps+prof],44.84364700317383,46.0951139369686,37.63333333333333
1440,MY_TO_SG,2026-09-25T17:00:00,35.43333333333334,xgb[maps+prof],43.87482452392578,46.61354168369296,41.233333333333334
1440,MY_TO_SG,2026-09-25T17:10:00,35.24166666666667,xgb[maps+prof],42.081939697265625,46.69506743326697,37.54166666666667
1440,MY_TO_SG,2026-09-25T17:20:00,38.79166666666667,xgb[maps+prof],42.73594284057617,46.340660730809475,33.45833333333333
1440,MY_TO_SG,2026-09-25T17:30:00,43.53333333333333,xgb[maps+prof],44.036964416503906,45.57456292260756,38.34166666666667
1440,MY_TO_SG,2026-09-25T17:40:00,33.858333333333334,xgb[maps+prof],42.13668441772461,44.44296464472721,32.84166666666667
1440,MY_TO_SG,2026-09-25T17:50:00,31.625,xgb[maps+prof],40.05762481689453,43.011092435295716,37.43333333333334
1440,MY_TO_SG,2026-09-25T18:00:00,31.325,xgb[maps+prof],39.990272521972656,41.358917515293314,34.483333333333334
1440,MY_TO_SG,2026-09-25T18:10:00,27.866666666666667,xgb[maps+prof],37.73379898071289,39.575814346618714,32.65
1440,MY_TO_SG,2026-09-25T18:20:00,25.825,xgb[maps+prof],37.19753646850586,37.754583191315135,31.733333333333334
1440,MY_TO_SG,2026-09-25T18:30:00,25.375,xgb[maps+prof],35.56031799316406,35.98530184648466,31.158333333333335
1440,MY_TO_SG,2026-09-25T18:40:00,26.308333333333334,xgb[maps+prof],32.83101272583008,34.34948259992569,29.1
1440,MY_TO_SG,2026-09-25T18:50:00,25.625,xgb[maps+prof],31.772314071655273,32.91498052466456,27.8
1440,MY_TO_SG,2026-09-25T19:00:00,22.475,xgb[maps+prof],30.222736358642578,31.732031527782556,24.241666666666667
1440,MY_TO_SG,2026-09-25T19:10:00,21.833333333333336,xgb[maps+prof],27.881254196166992,30.83069953190941,25.233333333333334
1440,MY_TO_SG,2026-09-25T19:20:00,22.391666666666666,xgb[maps+prof],27.575624465942383,30.219891015689413,25.25
1440,MY_TO_SG,2026-09-25T19:30:00,22.141666666666666,xgb[maps+prof],26.69068717956543,29.88796296921599,25.041666666666664
1440,MY_TO_SG,2026-09-25T19:40:00,21.258333333333333,xgb[maps+prof],27.307954788208008,29.804819039921487,25.491666666666667
1440,MY_TO_SG,2026-09-25T19:50:00,21.383333333333333,xgb[maps+prof],26.757694244384766,29.925269846767502,26.15
1440,MY_TO_SG,2026-09-25T20:00:00,22.6,xgb[maps+prof],26.117700576782227,30.193337328181585,25.325000000000003
1440,MY_TO_SG,2026-09-25T20:10:00,21.53333333333333,xgb[maps+prof],26.743173599243164,30.547117452071678,23.78333333333333
1440,MY_TO_SG,2026-09-25T20:20:00,22.700000000000003,xgb[maps+prof],26.571165084838867,30.923785550836577,23.5
1440,MY_TO_SG,2026-09-25T20:30:00,22.433333333333334,xgb[maps+prof],26.785634994506836,31.264335473197406,22.59166666666667
1440,MY_TO_SG,2026-09-25T20:40:00,22.558333333333334,xgb[maps+prof],27.031814575195312,31.517685767347153,22.03333333333333
1440,MY_TO_SG,2026-09-25T20:50:00,22.516666666666666,xgb[maps+prof],27.466947555541992,31.643858180465664,21.366666666666667
1440,MY_TO_SG,2026-09-25T21:00:00,21.258333333333333,xgb[maps+prof],27.316102981567383,31.616028256100257,20.558333333333334
1440,MY_TO_SG,2026-09-25T21:10:00,22.066666666666666,xgb[maps+prof],26.870756149291992,31.421355332435954,20.983333333333334
1440,MY_TO_SG,2026-09-25T21:20:00,22.808333333333334,xgb[maps+prof],27.1715087890625,31.06060955248227,20.674999999999997
1440,MY_TO_SG,2026-09-25T21:30:00,22.808333333333334,xgb[maps+prof],27.182584762573242,30.546716504616413,19.833333333333332
1440,MY_TO_SG,2026-09-25T21:40:00,22.858333333333334,xgb[maps+prof],26.218730926513672,29.902426823301987,19.85
1440,MY_TO_SG,2026-09-25T21:50:00,22.058333333333334,xgb[maps+prof],26.76750946044922,29.157381392931,18.78333333333333
1440,MY_TO_SG,2026-09-25T22:00:00,21.84166666666667,xgb[maps+prof],25.392520904541016,28.34487809417185,18.641666666666666
1440,MY_TO_SG,2026-09-25T22:10:00,20.691666666666666,xgb[maps+prof],24.691137313842773,27.49865150753597,18.541666666666664
1440,MY_TO_SG,2026-09-25T22:20:00,19.491666666666667,xgb[maps+prof],24.156137466430664,26.64995370095386,17.041666666666664
1440,MY_TO_SG,2026-09-25T22:30:00,18.391666666666666,xgb[maps+prof],23.380151748657227,25.82517586999449,16.683333333333334
1440,MY_TO_SG,2026-09-25T22:40:00,18.491666666666667,xgb[maps+prof],22.851037979125977,25.044183030251066,17.65833333333333
1440,MY_TO_SG,2026-09-25T22:50:00,18.05833333333333,xgb[maps+prof],22.352291107177734,24.319454551949093,17.44166666666667
1440,MY_TO_SG,2026-09-25T23:00:00,16.916666666666664,xgb[maps+prof],21.733638763427734,23.656040189479224,16.108333333333334
1440,MY_TO_SG,2026-09-25T23:10:00,17.116666666666667,xgb[maps+prof],19.99080467224121,23.052262443270887,15.466666666666667
1440,MY_TO_SG,2026-09-25T23:20:00,16.90833333333333,xgb[maps+prof],19.8752498626709,22.50102882550772,16.616666666666667
1440,MY_TO_SG,2026-09-25T23:30:00,15.983333333333333,xgb[maps+prof],20.17706871032715,21.991567644582894,16.491666666666667
1440,MY_TO_SG,2026-09-25T23:40:00,16.508333333333333,xgb[maps+prof],20.030941009521484,21.511372095415094,16.35
1440,MY_TO_SG,2026-09-25T23:50:00,16.05,xgb[maps+prof],19.585832595825195,21.048131358363396,16.116666666666667
1440,MY_TO_SG,2026-09-26T00:00:00,15.375,xgb[maps+prof],27.580413818359375,29.21334322418071,14.891666666666666
1440,MY_TO_SG,2026-09-26T00:10:00,15.916666666666668,xgb[maps+prof],25.41779327392578,26.931750304116946,14.983333333333334
1440,MY_TO_SG,2026-09-26T00:20:00,16.05,xgb[maps+prof],22.1074275970459,24.819876992444627,14.458333333333334
1440,MY_TO_SG,2026-09-26T00:30:00,16.083333333333336,xgb[maps+prof],19.54071807861328,22.937763770085517,14.841666666666667
1440,MY_TO_SG,2026-09-26T00:40:00,15.308333333333334,xgb[maps+prof],18.894332885742188,21.328332051661768,14.766666666666666
1440,MY_TO_SG,2026-09-26T00:50:00,15.5,xgb[maps+prof],18.09760284423828,20.01563453456817,13.683333333333334
1440,MY_TO_SG,2026-09-26T01:00:00,15.683333333333334,xgb[maps+prof],17.267972946166992,19.00453586421513,14.258333333333333
1440,MY_TO_SG,2026-09-26T01:10:00,15.141666666666666,xgb[maps+prof],16.65476417541504,18.281790717026297,14.358333333333334
1440,MY_TO_SG,2026-09-26T01:20:00,14.958333333333334,xgb[maps+prof],16.344270706176758,17.818378386087417,14.291666666666668
1440,MY_TO_SG,2026-09-26T01:30:00,14.858333333333334,xgb[maps+prof],16.39731788635254,17.57285965455489,13.975
1440,MY_TO_SG,2026-09-26T01:40:00,15.258333333333333,xgb[maps+prof],16.356550216674805,17.495450171032203,13.55
1440,MY_TO_SG,2026-09-26T01:50:00,13.858333333333334,xgb[maps+prof],16.459165573120117,17.53245974521051,14.291666666666668
1440,MY_TO_SG,2026-09-26T02:00:00,14.35,xgb[maps+prof],16.585407257080078,17.63073171167226,14.775
1440,MY_TO_SG,2026-09-26T02:10:00,14.183333333333334,xgb[maps+prof],16.585407257080078,17.741731081535285,15.883333333333333
1440,MY_TO_SG,2026-09-26T02:20:00,16.19166666666667,xgb[maps+prof],16.732919692993164,17.824972552708584,15.683333333333334
1440,MY_TO_SG,2026-09-26T02:30:00,16.325,xgb[maps+prof],16.620275497436523,17.850545371679036,15.558333333333334
1440,MY_TO_SG,2026-09-26T02:40:00,17.15833333333333,xgb[maps+prof],16.656532287597656,17.800575568281126,15.808333333333334
1440,MY_TO_SG,2026-09-26T02:50:00,16.816666666666666,xgb[maps+prof],16.656532287597656,17.669560008216,15.216666666666667
1440,MY_TO_SG,2026-09-26T03:00:00,16.925,xgb[maps+prof],16.391620635986328,17.46360315667613,14.516666666666666
1440,MY_TO_SG,2026-09-26T03:10:00,18.358333333333334,xgb[maps+prof],16.314355850219727,17.19867851696236,14.091666666666665
1440,MY_TO_SG,2026-09-26T03:20:00,17.933333333333334,xgb[maps+prof],16.06834602355957,16.89811507723213,14.391666666666666
1440,MY_TO_SG,2026-09-26T03:30:00,17.233333333333334,xgb[maps+prof],15.87503433227539,16.58956858400023,13.95
1440,MY_TO_SG,2026-09-26T03:40:00,16.733333333333334,xgb[maps+prof],15.791099548339844,16.30177348945692,14.566666666666666
1440,MY_TO_SG,2026-09-26T03:50:00,16.75,xgb[maps+prof],15.772435188293457,16.0613813710265,14.741666666666667
1440,MY_TO_SG,2026-09-26T04:00:00,15.933333333333334,xgb[maps+prof],15.74386978149414,15.890175024439603,14.483333333333334
1440,MY_TO_SG,2026-09-26T04:10:00,16.325,xgb[maps+prof],15.70628833770752,15.802905995398177,15.216666666666667
1440,MY_TO_SG,2026-09-26T04:20:00,15.366666666666667,xgb[maps+prof],15.679526329040527,15.805940795287555,14.958333333333332
1440,MY_TO_SG,2026-09-26T04:30:00,14.241666666666667,xgb[maps+prof],15.77063274383545,15.896822950738724,15.375
1440,MY_TO_SG,2026-09-26T04:40:00,14.883333333333333,xgb[maps+prof],15.83941650390625,16.064771189013257,15.683333333333334
1440,MY_TO_SG,2026-09-26T04:50:00,15.691666666666666,xgb[maps+prof],16.17399024963379,16.292046054512035,16.375
1440,MY_TO_SG,2026-09-26T05:00:00,17.34166666666667,xgb[maps+prof],16.619720458984375,16.5560358292321,17.433333333333334
1440,MY_TO_SG,2026-09-26T05:10:00,17.108333333333334,xgb[maps+prof],17.392898559570312,16.83184503791293,17.416666666666664
1440,MY_TO_SG,2026-09-26T05:20:00,16.75,xgb[maps+prof],17.40743064880371,17.095121183588887,19.108333333333334
1440,MY_TO_SG,2026-09-26T05:30:00,16.383333333333333,xgb[maps+prof],17.601076126098633,17.324832141088038,18.358333333333334
1440,MY_TO_SG,2026-09-26T05:40:00,17.549999999999997,xgb[maps+prof],18.73004722595215,17.505710204043076,18.40833333333333
1440,MY_TO_SG,2026-09-26T05:50:00,19.558333333333334,xgb[maps+prof],18.606674194335938,17.630109155466037,20.55
1440,MY_TO_SG,2026-09-26T06:00:00,18.691666666666666,xgb[maps+prof],19.20298194885254,17.69907551997806,21.575000000000003
1440,MY_TO_SG,2026-09-26T06:10:00,18.525,xgb[maps+prof],19.416154861450195,17.722509696626418,21.516666666666666
1440,MY_TO_SG,2026-09-26T06:20:00,20.758333333333333,xgb[maps+prof],19.25831413269043,17.71838038830416,23.558333333333334
1440,MY_TO_SG,2026-09-26T06:30:00,20.633333333333333,xgb[maps+prof],20.003543853759766,17.711048682270373,26.69166666666667
1440,MY_TO_SG,2026-09-26T06:40:00,20.066666666666666,xgb[maps+prof],20.232872009277344,17.728847646672264,29.05
1440,MY_TO_SG,2026-09-26T06:50:00,19.358333333333334,xgb[maps+prof],20.386695861816406,17.80114082080844,28.775
1440,MY_TO_SG,2026-09-26T07:00:00,19.8,xgb[maps+prof],20.091575622558594,17.95514080131546,29.583333333333336
1440,MY_TO_SG,2026-09-26T07:10:00,19.933333333333334,xgb[maps+prof],20.964645385742188,18.21280119985129,30.475
1440,MY_TO_SG,2026-09-26T07:20:00,20.84166666666667,xgb[maps+prof],21.439712524414062,18.58809776327525,32.375
1440,MY_TO_SG,2026-09-26T07:30:00,20.708333333333332,xgb[maps+prof],21.829986572265625,19.084986293888228,33.05833333333334
1440,MY_TO_SG,2026-09-26T07:40:00,22.28333333333333,xgb[maps+prof],22.942869186401367,19.696267972153777,32.54166666666667
1440,MY_TO_SG,2026-09-26T07:50:00,21.90833333333333,xgb[maps+prof],23.386083602905273,20.403511385804194,30.35
1440,MY_TO_SG,2026-09-26T08:00:00,23.125,xgb[maps+prof],24.926313400268555,21.178082115056334,28.791666666666664
1440,MY_TO_SG,2026-09-26T08:10:00,26.441666666666666,xgb[maps+prof],24.24430274963379,21.9832241147948,26.700000000000003
1440,MY_TO_SG,2026-09-26T08:20:00,26.666666666666664,xgb[maps+prof],24.360485076904297,22.777032461645042,23.5
1440,MY_TO_SG,2026-09-26T08:30:00,28.56666666666667,xgb[maps+prof],25.78536605834961,23.51606453565706,20.958333333333332
1440,MY_TO_SG,2026-09-26T08:40:00,31.741666666666667,xgb[maps+prof],26.426673889160156,24.159265777314815,21.333333333333336
1440,MY_TO_SG,2026-09-26T08:50:00,32.93333333333333,xgb[maps+prof],25.86620330810547,24.67184440325933,20.225
1440,MY_TO_SG,2026-09-26T09:00:00,38.65833333333333,xgb[maps+prof],25.6263370513916,25.028721882046906,20.583333333333336
1440,MY_TO_SG,2026-09-26T09:10:00,39.358333333333334,xgb[maps+prof],26.117536544799805,25.217214388886305,19.616666666666667
1440,MY_TO_SG,2026-09-26T09:20:00,39.84166666666667,xgb[maps+prof],26.15729522705078,25.23866323409054,18.55
1440,MY_TO_SG,2026-09-26T09:30:00,39.575,xgb[maps+prof],25.56427764892578,25.108824333099776,18.641666666666666
1440,MY_TO_SG,2026-09-26T09:40:00,37.608333333333334,xgb[maps+prof],25.11801528930664,24.85694006407354,18.325000000000003
1440,MY_TO_SG,2026-09-26T09:50:00,34.84166666666667,xgb[maps+prof],24.94400405883789,24.523540921048347,18.34166666666667
1440,MY_TO_SG,2026-09-26T10:00:00,36.74166666666667,xgb[maps+prof],24.944509506225586,24.157147424373164,18.041666666666664
1440,MY_TO_SG,2026-09-26T10:10:00,30.825000000000003,xgb[maps+prof],24.08073616027832,23.81015275801767,18.833333333333332
1440,MY_TO_SG,2026-09-26T10:20:00,27.883333333333333,xgb[maps+prof],23.814661026000977,23.53425246779898,18.933333333333334
1440,MY_TO_SG,2026-09-26T10:30:00,25.491666666666667,xgb[maps+prof],23.650197982788086,23.375840245490856,17.958333333333336
1440,MY_TO_SG,2026-09-26T10:40:00,22.808333333333334,xgb[maps+prof],22.82236099243164,23.371802332597948,17.933333333333334
1440,MY_TO_SG,2026-09-26T10:50:00,21.133333333333333,xgb[maps+prof],23.594209671020508,23.546115096084584,17.40833333333333
1440,MY_TO_SG,2026-09-26T11:00:00,24.34166666666667,xgb[maps+prof],23.136110305786133,23.90758257559987,17.691666666666666
1440,MY_TO_SG,2026-09-26T11:10:00,22.441666666666666,xgb[maps+prof],23.547651290893555,24.448948956002834,18.391666666666666
1440,MY_TO_SG,2026-09-26T11:20:00,21.941666666666666,xgb[maps+prof],24.553546905517578,25.147494150847713,19.333333333333332
1440,MY_TO_SG,2026-09-26T11:30:00,22.049999999999997,xgb[maps+prof],24.54022789001465,25.96708082594186,19.1
1440,MY_TO_SG,2026-09-26T11:40:00,20.575000000000003,xgb[maps+prof],25.688488006591797,26.861481628517282,20.21666666666667
1440,MY_TO_SG,2026-09-26T11:50:00,23.891666666666666,xgb[maps+prof],26.09322166442871,27.778689748705293,19.691666666666666
1440,MY_TO_SG,2026-09-26T12:00:00,22.066666666666666,xgb[maps+prof],25.756141662597656,28.66581675728996,20.28333333333333
1440,MY_TO_SG,2026-09-26T12:10:00,25.3,xgb[maps+prof],24.790267944335938,29.474119099623383,21.566666666666666
1440,MY_TO_SG,2026-09-26T12:20:00,23.041666666666664,xgb[maps+prof],26.57353401184082,30.16367541752609,21.25
1440,MY_TO_SG,2026-09-26T12:30:00,21.616666666666667,xgb[maps+prof],27.455690383911133,30.707263599006367,20.55
1440,MY_TO_SG,2026-09-26T12:40:00,20.875,xgb[maps+prof],25.72039222717285,31.093057214406556,20.34166666666667
1440,MY_TO_SG,2026-09-26T12:50:00,20.375,xgb[maps+prof],25.97503089904785,31.325869513388994,20.816666666666666
1440,MY_TO_SG,2026-09-26T13:00:00,19.84166666666667,xgb[maps+prof],28.812084197998047,31.426809345472527,19.575000000000003
1440,MY_TO_SG,2026-09-26T13:10:00,20.175,xgb[maps+prof],29.67212677001953,31.431364281141356,19.325000000000003
1440,MY_TO_SG,2026-09-26T13:20:00,19.516666666666666,xgb[maps+prof],28.49289321899414,31.38607729230579,20.208333333333332
1440,MY_TO_SG,2026-09-26T13:30:00,20.275,xgb[maps+prof],30.891876220703125,31.3441198578217,19.375
1440,MY_TO_SG,2026-09-26T13:40:00,21.308333333333334,xgb[maps+prof],32.855621337890625,31.360172830357378,18.858333333333334
1440,MY_TO_SG,2026-09-26T13:50:00,20.558333333333334,xgb[maps+prof],33.200340270996094,31.485096006906552,19.333333333333336
1440,MY_TO_SG,2026-09-26T14:00:00,19.95,xgb[maps+prof],31.098257064819336,31.760890994011607,20.424999999999997
1440,MY_TO_SG,2026-09-26T14:10:00,20.65833333333333,xgb[maps+prof],34.126773834228516,32.21643703081848,19.516666666666666
1440,MY_TO_SG,2026-09-26T14:20:00,20.65833333333333,xgb[maps+prof],37.99746322631836,32.8644080770858,18.875
1440,MY_TO_SG,2026-09-26T14:30:00,20.34166666666667,xgb[maps+prof],37.25988006591797,33.69966842445342,19.425
1440,MY_TO_SG,2026-09-26T14:40:00,21.05,xgb[maps+prof],33.61751174926758,34.69930402631063,20.025
1440,MY_TO_SG,2026-09-26T14:50:00,21.041666666666664,xgb[maps+prof],36.168739318847656,35.82429124385055,19.65833333333333
1440,MY_TO_SG,2026-09-26T15:00:00,20.508333333333333,xgb[maps+prof],35.63967514038086,37.02264891436361,20.108333333333334
1440,MY_TO_SG,2026-09-26T15:10:00,22.375,xgb[maps+prof],37.73356246948242,38.23377876395135,19.46666666666667
1440,MY_TO_SG,2026-09-26T15:20:00,23.041666666666664,xgb[maps+prof],37.330352783203125,39.39358696042705,19.85
1440,MY_TO_SG,2026-09-26T15:30:00,26.975,xgb[maps+prof],36.05577850341797,40.43990696138603,20.575000000000003
1440,MY_TO_SG,2026-09-26T15:40:00,27.208333333333336,xgb[maps+prof],37.3259162902832,41.317717774916744,20.333333333333336
1440,MY_TO_SG,2026-09-26T15:50:00,29.8,xgb[maps+prof],39.69175338745117,41.98367472595692,22.55
1440,MY_TO_SG,2026-09-26T16:00:00,31.44166666666667,xgb[maps+prof],39.66107940673828,42.409539376770695,22.166666666666664
1440,MY_TO_SG,2026-09-26T16:10:00,32.78333333333333,xgb[maps+prof],40.246131896972656,42.58420436040936,22.0
1440,MY_TO_SG,2026-09-26T16:20:00,30.825,xgb[maps+prof],40.974205017089844,42.514146645383576,21.516666666666666
1440,MY_TO_SG,2026-09-26T16:30:00,31.275,xgb[maps+prof],38.98288345336914,42.22229546966663,25.508333333333333
1440,MY_TO_SG,2026-09-26T16:40:00,34.3,xgb[maps+prof],38.33530044555664,41.7454537653509,29.275
1440,MY_TO_SG,2026-09-26T16:50:00,38.483333333333334,xgb[maps+prof],35.75803756713867,41.13054934533205,31.991666666666667
1440,MY_TO_SG,2026-09-26T17:00:00,34.20833333333333,xgb[maps+prof],33.80478286743164,40.43010103694908,35.43333333333334
1440,MY_TO_SG,2026-09-26T17:10:00,38.30833333333334,xgb[maps+prof],33.25787353515625,39.6973548390883,35.24166666666667
1440,MY_TO_SG,2026-09-26T17:20:00,33.93333333333334,xgb[maps+prof],31.925518035888672,38.98156950589735,38.79166666666667
1440,MY_TO_SG,2026-09-26T17:30:00,35.84166666666667,xgb[maps+prof],33.298927307128906,38.32390774468281,43.53333333333333
1440,MY_TO_SG,2026-09-26T17:40:00,35.54166666666667,xgb[maps+prof],35.60749816894531,37.754321208180386,33.858333333333334
1440,MY_TO_SG,2026-09-26T17:50:00,33.975,xgb[maps+prof],35.76052474975586,37.289711828381385,31.625
1440,MY_TO_SG,2026-09-26T18:00:00,31.225,xgb[maps+prof],35.10450744628906,36.93351961220545,31.325
1440,MY_TO_SG,2026-09-26T18:10:00,30.15833333333333,xgb[maps+prof],34.708946228027344,36.67674118666294,27.866666666666667
1440,MY_TO_SG,2026-09-26T18:20:00,29.608333333333334,xgb[maps+prof],35.04520034790039,36.500238734166146,25.825
1440,MY_TO_SG,2026-09-26T18:30:00,27.166666666666664,xgb[maps+prof],34.06271743774414,36.378069833128784,25.375
1440,MY_TO_SG,2026-09-26T18:40:00,25.166666666666664,xgb[maps+prof],34.09451675415039,36.28146777770592,26.308333333333334
1440,MY_TO_SG,2026-09-26T18:50:00,24.558333333333334,xgb[maps+prof],32.943546295166016,36.183038948365045,25.625
1440,MY_TO_SG,2026-09-26T19:00:00,25.5,xgb[maps+prof],33.24683380126953,36.06072465753637,22.475
1440,MY_TO_SG,2026-09-26T19:10:00,24.725,xgb[maps+prof],33.96246337890625,35.90110113873844,21.833333333333336
1440,MY_TO_SG,2026-09-26T19:20:00,24.4,xgb[maps+prof],31.725950241088867,35.70166004194868,22.391666666666666
1440,MY_TO_SG,2026-09-26T19:30:00,24.525,xgb[maps+prof],32.16840744018555,35.471815866512436,22.141666666666666
1440,MY_TO_SG,2026-09-26T19:40:00,25.375,xgb[maps+prof],31.89369010925293,35.23251574011047,21.258333333333333
1440,MY_TO_SG,2026-09-26T19:50:00,25.45,xgb[maps+prof],31.20768928527832,35.01446805009246,21.383333333333333
1440,MY_TO_SG,2026-09-26T20:00:00,24.291666666666668,xgb[maps+prof],31.621736526489258,34.85514581808438,22.6
1440,MY_TO_SG,2026-09-26T20:10:00,22.783333333333335,xgb[maps+prof],31.644527435302734,34.79484485877205,21.53333333333333
1440,MY_TO_SG,2026-09-26T20:20:00,24.475,xgb[maps+prof],33.15422821044922,34.87217377405175,22.700000000000003
1440,MY_TO_SG,2026-09-26T20:30:00,25.391666666666666,xgb[maps+prof],32.236385345458984,35.119413539088754,22.433333333333334
1440,MY_TO_SG,2026-09-26T20:40:00,28.15833333333333,xgb[maps+prof],32.97587203979492,35.55820324927352,22.558333333333334
1440,MY_TO_SG,2026-09-26T20:50:00,30.808333333333334,xgb[maps+prof],33.62150192260742,36.19598398212145,22.516666666666666
1440,MY_TO_SG,2026-09-26T21:00:00,33.3,xgb[maps+prof],35.036521911621094,37.02356728213998,21.258333333333333
1440,MY_TO_SG,2026-09-26T21:10:00,38.04166666666667,xgb[maps+prof],36.04669952392578,38.01409490743184,22.066666666666666
1440,MY_TO_SG,2026-09-26T21:20:00,37.99166666666667,xgb[maps+prof],37.168212890625,39.12353172866227,22.808333333333334
1440,MY_TO_SG,2026-09-26T21:30:00,38.46666666666667,xgb[maps+prof],38.65904998779297,40.292695768253196,22.808333333333334
1440,MY_TO_SG,2026-09-26T21:40:00,39.175,xgb[maps+prof],42.628536224365234,41.45069107546363,22.858333333333334
1440,MY_TO_SG,2026-09-26T21:50:00,41.141666666666666,xgb[maps+prof],42.99729919433594,42.51948304966426,22.058333333333334
1440,MY_TO_SG,2026-09-26T22:00:00,41.55,xgb[maps+prof],49.96653747558594,43.41925322080403,21.84166666666667
1440,MY_TO_SG,2026-09-26T22:10:00,44.016666666666666,xgb[maps+prof],50.97282791137695,44.07410031209075,20.691666666666666
1440,MY_TO_SG,2026-09-26T22:20:00,37.90833333333333,xgb[maps+prof],52.328125,44.41762249246396,19.491666666666667
1440,MY_TO_SG,2026-09-26T22:30:00,37.20833333333333,xgb[maps+prof],53.23748016357422,44.39792437760075,18.391666666666666
1440,MY_TO_SG,2026-09-26T22:40:00,37.275,xgb[maps+prof],53.261592864990234,43.981640200277575,18.491666666666667
1440,MY_TO_SG,2026-09-26T22:50:00,34.175,xgb[maps+prof],52.0836296081543,43.156646848359635,18.05833333333333
1440,MY_TO_SG,2026-09-26T23:00:00,34.63333333333333,xgb[maps+prof],48.771240234375,41.93324945331911,16.916666666666664
1440,MY_TO_SG,2026-09-26T23:10:00,35.483333333333334,xgb[maps+prof],47.7014274597168,40.34374805187298,17.116666666666667
1440,MY_TO_SG,2026-09-26T23:20:00,31.808333333333334,xgb[maps+prof],46.38590621948242,38.4404254745032,16.90833333333333
1440,MY_TO_SG,2026-09-26T23:30:00,33.43333333333334,xgb[maps+prof],43.923606872558594,36.29212276763708,15.983333333333333
1440,MY_TO_SG,2026-09-26T23:40:00,33.65833333333333,xgb[maps+prof],42.145751953125,33.97967864056089,16.508333333333333
1440,MY_TO_SG,2026-09-26T23:50:00,33.275000000000006,xgb[maps+prof],37.003395080566406,31.590594810603765,16.05
1440,MY_TO_SG,2026-09-27T00:00:00,35.31666666666667,xgb[maps+prof],32.657955169677734,29.21281637005847,15.375
1440,MY_TO_SG,2026-09-27T00:10:00,37.175,xgb[maps+prof],29.92003631591797,26.93124821244991,15.916666666666668
1440,MY_TO_SG,2026-09-27T00:20:00,34.18333333333334,xgb[maps+prof],26.10672378540039,24.819408235034885,16.05
1440,MY_TO_SG,2026-09-27T00:30:00,31.65,xgb[maps+prof],23.191436767578125,22.937337909074206,16.083333333333336
1440,MY_TO_SG,2026-09-27T00:40:00,35.233333333333334,xgb[maps+prof],22.001018524169922,21.32795877911063,15.308333333333334
1440,MY_TO_SG,2026-09-27T00:50:00,31.366666666666667,xgb[maps+prof],19.796375274658203,20.015322753562025,15.5
1440,MY_TO_SG,2026-09-27T01:00:00,30.35,xgb[maps+prof],19.137022018432617,19.004292817105963,15.683333333333334
1440,MY_TO_SG,2026-09-27T01:10:00,24.225,xgb[maps+prof],19.149255752563477,18.281621263923643,15.141666666666666
1440,MY_TO_SG,2026-09-27T01:20:00,22.866666666666667,xgb[maps+prof],18.615110397338867,17.818284520867742,14.958333333333334
1440,MY_TO_SG,2026-09-27T01:30:00,22.058333333333334,xgb[maps+prof],18.589494705200195,17.572840318207064,14.858333333333334
1440,MY_TO_SG,2026-09-27T01:40:00,23.483333333333334,xgb[maps+prof],18.35611915588379,17.495501386331078,15.258333333333333
1440,MY_TO_SG,2026-09-27T01:50:00,22.666666666666668,xgb[maps+prof],18.52821922302246,17.53257505694348,13.858333333333334
1440,MY_TO_SG,2026-09-27T02:00:00,20.40833333333333,xgb[maps+prof],18.762210845947266,17.630902877984354,14.35
1440,MY_TO_SG,2026-09-27T02:10:00,22.941666666666666,xgb[maps+prof],18.475357055664062,17.741948929438387,14.183333333333334
1440,MY_TO_SG,2026-09-27T02:20:00,25.133333333333333,xgb[maps+prof],18.095064163208008,17.825227888780322,16.19166666666667
1440,MY_TO_SG,2026-09-27T02:30:00,25.924999999999997,xgb[maps+prof],18.40684700012207,17.85082983056866,16.325
1440,MY_TO_SG,2026-09-27T02:40:00,27.133333333333333,xgb[maps+prof],18.2045955657959,17.800882288274504,17.15833333333333
1440,MY_TO_SG,2026-09-27T02:50:00,23.21666666666667,xgb[maps+prof],17.798065185546875,17.66988404431785,16.816666666666666
1440,MY_TO_SG,2026-09-27T03:00:00,25.225,xgb[maps+prof],17.697635650634766,17.463941575082956,16.925
1440,MY_TO_SG,2026-09-27T03:10:00,21.866666666666667,xgb[maps+prof],17.39492416381836,17.199030156430204,18.358333333333334
1440,MY_TO_SG,2026-09-27T03:20:00,17.25,xgb[maps+prof],17.565282821655273,16.89848000753193,17.933333333333334
1440,MY_TO_SG,2026-09-27T03:30:00,17.383333333333333,xgb[maps+prof],17.30610466003418,16.589947333709553,17.233333333333334
1440,MY_TO_SG,2026-09-27T03:40:00,17.958333333333332,xgb[maps+prof],17.31670570373535,16.302166149245764,16.733333333333334
1440,MY_TO_SG,2026-09-27T03:50:00,18.166666666666664,xgb[maps+prof],17.021617889404297,16.06178669972557,16.75
1440,MY_TO_SG,2026-09-27T04:00:00,17.166666666666668,xgb[maps+prof],17.038349151611328,15.890589690393181,15.933333333333334
1440,MY_TO_SG,2026-09-27T04:10:00,16.275,xgb[maps+prof],17.065263748168945,15.803324073692337,16.325
1440,MY_TO_SG,2026-09-27T04:20:00,16.083333333333332,xgb[maps+prof],17.115306854248047,15.806353613334963,15.366666666666667
1440,MY_TO_SG,2026-09-27T04:30:00,16.225,xgb[maps+prof],17.191099166870117,15.897219333399363,14.241666666666667
1440,MY_TO_SG,2026-09-27T04:40:00,16.0,xgb[maps+prof],16.9055118560791,16.065138104699855,14.883333333333333
1440,MY_TO_SG,2026-09-27T04:50:00,16.541666666666668,xgb[maps+prof],17.158161163330078,16.292369611547404,15.691666666666666
1440,MY_TO_SG,2026-09-27T05:00:00,17.033333333333335,xgb[maps+prof],17.386850357055664,16.556302523571297,17.34166666666667
1440,MY_TO_SG,2026-09-27T05:10:00,17.125,xgb[maps+prof],17.67216682434082,16.832043115405995,17.108333333333334
1440,MY_TO_SG,2026-09-27T05:20:00,16.675,xgb[maps+prof],18.299036026000977,17.095241957363005,16.75
1440,MY_TO_SG,2026-09-27T05:30:00,16.941666666666666,xgb[maps+prof],18.00539779663086,17.324871100767034,16.383333333333333
1440,MY_TO_SG,2026-09-27T05:40:00,16.44166666666667,xgb[maps+prof],19.42211151123047,17.505667769594513,17.549999999999997
1440,MY_TO_SG,2026-09-27T05:50:00,15.375,xgb[maps+prof],18.790700912475586,17.629990963262685,19.558333333333334
1440,MY_TO_SG,2026-09-27T06:00:00,15.533333333333333,xgb[maps+prof],18.851842880249023,17.69889217864409,18.691666666666666
1440,MY_TO_SG,2026-09-27T06:10:00,16.125,xgb[maps+prof],18.771076202392578,17.72227600990861,18.525
1440,MY_TO_SG,2026-09-27T06:20:00,16.325,xgb[maps+prof],18.557640075683594,17.718114104715823,20.758333333333333
1440,MY_TO_SG,2026-09-27T06:30:00,16.5,xgb[maps+prof],18.316164016723633,17.71076888919282,20.633333333333333
1440,MY_TO_SG,2026-09-27T06:40:00,16.916666666666664,xgb[maps+prof],18.44548988342285,17.728572972880468,20.066666666666666
1440,MY_TO_SG,2026-09-27T06:50:00,16.96666666666667,xgb[maps+prof],18.14949607849121,17.80088764011153,19.358333333333334
1440,MY_TO_SG,2026-09-27T07:00:00,17.425,xgb[maps+prof],18.556793212890625,17.95492163718886,19.8
1440,MY_TO_SG,2026-09-27T07:10:00,18.05833333333333,xgb[maps+prof],18.856521606445312,18.212623515054542,19.933333333333334
1440,MY_TO_SG,2026-09-27T07:20:00,19.05,xgb[maps+prof],19.140605926513672,18.58796328065963,20.84166666666667
1440,MY_TO_SG,2026-09-27T07:30:00,19.308333333333334,xgb[maps+prof],19.397306442260742,19.084890938685994,20.708333333333332
1440,MY_TO_SG,2026-09-27T07:40:00,19.525,xgb[maps+prof],19.674943923950195,19.69620245802682,22.28333333333333
1440,MY_TO_SG,2026-09-27T07:50:00,19.191666666666666,xgb[maps+prof],19.752513885498047,20.4034623944128,21.90833333333333
1440,MY_TO_SG,2026-09-27T08:00:00,19.041666666666664,xgb[maps+prof],20.63780403137207,21.17803395020333,23.125
1440,MY_TO_SG,2026-09-27T08:10:00,20.258333333333333,xgb[maps+prof],20.795644760131836,21.98316065537479,26.441666666666666
1440,MY_TO_SG,2026-09-27T08:20:00,21.458333333333332,xgb[maps+prof],20.52760124206543,22.77693919955029,26.666666666666664
1440,MY_TO_SG,2026-09-27T08:30:00,26.9,xgb[maps+prof],21.704788208007812,23.515930470297626,28.56666666666667
1440,MY_TO_SG,2026-09-27T08:40:00,26.924999999999997,xgb[maps+prof],22.282638549804688,24.159084949698382,31.741666666666667
1440,MY_TO_SG,2026-09-27T08:50:00,27.183333333333334,xgb[maps+prof],22.756376266479492,24.671616888895684,32.93333333333333
1440,MY_TO_SG,2026-09-27T09:00:00,24.541666666666664,xgb[maps+prof],21.07855224609375,25.028454119625437,38.65833333333333
1440,MY_TO_SG,2026-09-27T09:10:00,24.9,xgb[maps+prof],22.713275909423828,25.216918794510725,39.358333333333334
1440,MY_TO_SG,2026-09-27T09:20:00,25.941666666666666,xgb[maps+prof],20.188556671142578,25.2383571307635,39.84166666666667
1440,MY_TO_SG,2026-09-27T09:30:00,24.891666666666666,xgb[maps+prof],19.284709930419922,25.108528303088516,39.575
1440,MY_TO_SG,2026-09-27T09:40:00,24.691666666666666,xgb[maps+prof],20.081390380859375,24.856675898784086,37.608333333333334
1440,MY_TO_SG,2026-09-27T09:50:00,22.9,xgb[maps+prof],20.355010986328125,24.523329391226206,34.84166666666667
1440,MY_TO_SG,2026-09-27T10:00:00,24.708333333333336,xgb[maps+prof],19.291839599609375,24.15700611700623,36.74166666666667
1440,MY_TO_SG,2026-09-27T10:10:00,24.675,xgb[maps+prof],18.944982528686523,23.810094222155207,30.825000000000003
1440,MY_TO_SG,2026-09-27T10:20:00,24.933333333333334,xgb[maps+prof],20.104013442993164,23.534282879669,27.883333333333333
1440,MY_TO_SG,2026-09-27T10:30:00,25.43333333333333,xgb[maps+prof],20.24131965637207,23.37595874702292,25.491666666666667
1440,MY_TO_SG,2026-09-27T10:40:00,26.025,xgb[maps+prof],23.085893630981445,23.37200112281451,22.808333333333334
1440,MY_TO_SG,2026-09-27T10:50:00,25.9,xgb[maps+prof],24.473318099975586,23.54638027007612,21.133333333333333
1440,MY_TO_SG,2026-09-27T11:00:00,28.225,xgb[maps+prof],23.146804809570312,23.90789562048126,24.34166666666667
1440,MY_TO_SG,2026-09-27T11:10:00,29.95,xgb[maps+prof],26.03739356994629,24.449288737088953,22.441666666666666
1440,MY_TO_SG,2026-09-27T11:20:00,31.1,xgb[maps+prof],26.366796493530273,25.14783916309514,21.941666666666666
1440,MY_TO_SG,2026-09-27T11:30:00,38.233333333333334,xgb[maps+prof],26.294822692871094,25.96741145235723,22.049999999999997
1440,MY_TO_SG,2026-09-27T11:40:00,40.666666666666664,xgb[maps+prof],27.99693489074707,26.861782142866492,20.575000000000003
1440,MY_TO_SG,2026-09-27T11:50:00,46.975,xgb[maps+prof],28.679140090942383,27.778949825365302,23.891666666666666
1440,MY_TO_SG,2026-09-27T12:00:00,41.90833333333333,xgb[maps+prof],29.629894256591797,28.666032303983474,22.066666666666666
1440,MY_TO_SG,2026-09-27T12:10:00,44.94166666666666,xgb[maps+prof],28.94297218322754,29.47429230345478,25.3
1440,MY_TO_SG,2026-09-27T12:20:00,37.916666666666664,xgb[maps+prof],28.71350860595703,30.163813983060038,23.041666666666664
1440,MY_TO_SG,2026-09-27T12:30:00,37.96666666666667,xgb[maps+prof],29.273757934570312,30.7073792493389,21.616666666666667
1440,MY_TO_SG,2026-09-27T12:40:00,35.891666666666666,xgb[maps+prof],30.268712997436523,31.093163611973637,20.875
1440,MY_TO_SG,2026-09-27T12:50:00,32.650000000000006,xgb[maps+prof],33.02104949951172,31.325979826957727,20.375
1440,MY_TO_SG,2026-09-27T13:00:00,29.45,xgb[maps+prof],34.36328125,31.42693373539214,19.84166666666667
1440,MY_TO_SG,2026-09-27T13:10:00,28.85,xgb[maps+prof],34.20979690551758,31.431507591133645,20.175
1440,MY_TO_SG,2026-09-27T13:20:00,27.883333333333333,xgb[maps+prof],35.572052001953125,31.386237220713365,19.516666666666666
1440,MY_TO_SG,2026-09-27T13:30:00,29.59166666666667,xgb[maps+prof],34.32408142089844,31.3442858356523,20.275
1440,MY_TO_SG,2026-09-27T13:40:00,31.491666666666667,xgb[maps+prof],34.90776824951172,31.360325762352268,21.308333333333334
1440,MY_TO_SG,2026-09-27T13:50:00,33.25,xgb[maps+prof],35.495662689208984,31.485208942742183,20.558333333333334
1440,MY_TO_SG,2026-09-27T14:00:00,32.75,xgb[maps+prof],36.774505615234375,31.760930699143493,19.95
1440,MY_TO_SG,2026-09-27T14:10:00,32.05833333333334,xgb[maps+prof],35.66515350341797,32.21636633087644,20.65833333333333
1440,MY_TO_SG,2026-09-27T14:20:00,33.474999999999994,xgb[maps+prof],37.69035720825195,32.8641887664124,20.65833333333333
1440,MY_TO_SG,2026-09-27T14:30:00,34.21666666666667,xgb[maps+prof],36.873722076416016,33.69926446729424,20.34166666666667
1440,MY_TO_SG,2026-09-27T14:40:00,33.53333333333333,xgb[maps+prof],35.89573287963867,34.698684744959884,21.05
1440,MY_TO_SG,2026-09-27T14:50:00,33.53333333333333,xgb[maps+prof],38.21578598022461,35.823434185347494,21.041666666666664
1440,MY_TO_SG,2026-09-27T15:00:00,32.108333333333334,xgb[maps+prof],40.588218688964844,37.021542116341,20.508333333333333
1440,MY_TO_SG,2026-09-27T15:10:00,33.074999999999996,xgb[maps+prof],41.88188171386719,38.23242219777259,22.375
1440,MY_TO_SG,2026-09-27T15:20:00,35.891666666666666,xgb[maps+prof],42.51237487792969,39.39199300960522,23.041666666666664
1440,MY_TO_SG,2026-09-27T15:30:00,33.55833333333334,xgb[maps+prof],44.7977409362793,40.43809988693228,26.975
1440,MY_TO_SG,2026-09-27T15:40:00,36.94166666666666,xgb[maps+prof],42.67967987060547,41.31573221682986,27.208333333333336
1440,MY_TO_SG,2026-09-27T15:50:00,34.849999999999994,xgb[maps+prof],42.6205940246582,41.98155338138371,29.8
1440,MY_TO_SG,2026-09-27T16:00:00,35.05833333333334,xgb[maps+prof],41.25640869140625,42.40733007111634,31.44166666666667
1440,MY_TO_SG,2026-09-27T16:10:00,36.46666666666667,xgb[maps+prof],41.45343017578125,42.58195678036668,32.78333333333333
1440,MY_TO_SG,2026-09-27T16:20:00,38.00833333333334,xgb[maps+prof],41.35285186767578,42.51190902759576,30.825
1440,MY_TO_SG,2026-09-27T16:30:00,35.86666666666667,xgb[maps+prof],41.63740539550781,42.22011153373356,31.275
1440,MY_TO_SG,2026-09-27T16:40:00,38.44166666666666,xgb[maps+prof],40.092750549316406,41.74336014653166,34.3
1440,MY_TO_SG,2026-09-27T16:50:00,41.225,xgb[maps+prof],41.0948486328125,41.128573724950904,38.483333333333334
1440,MY_TO_SG,2026-09-27T17:00:00,40.45,xgb[maps+prof],38.76397705078125,40.42826109395399,34.20833333333333
1440,MY_TO_SG,2026-09-27T17:10:00,40.05833333333334,xgb[maps+prof],37.78287887573242,39.6956580628171,38.30833333333334
1440,MY_TO_SG,2026-09-27T17:20:00,39.75833333333334,xgb[maps+prof],36.27027130126953,38.98001382688743,33.93333333333334
1440,MY_TO_SG,2026-09-27T17:30:00,39.66666666666667,xgb[maps+prof],34.27197265625,38.32248286595144,35.84166666666667
1440,MY_TO_SG,2026-09-27T17:40:00,38.58333333333333,xgb[maps+prof],32.92809295654297,37.75301046113097,35.54166666666667
1440,MY_TO_SG,2026-09-27T17:50:00,37.025,xgb[maps+prof],32.26234436035156,37.2884943406114,33.975
1440,MY_TO_SG,2026-09-27T18:00:00,38.11666666666667,xgb[maps+prof],31.256040573120117,36.93237256169117,31.225
1440,MY_TO_SG,2026-09-27T18:10:00,37.11666666666667,xgb[maps+prof],31.17902374267578,36.67564192799797,30.15833333333333
1440,MY_TO_SG,2026-09-27T18:20:00,37.45833333333333,xgb[maps+prof],32.408058166503906,36.49916661502564,29.608333333333334
1440,MY_TO_SG,2026-09-27T18:30:00,33.516666666666666,xgb[maps+prof],33.2082405090332,36.37700756799984,27.166666666666664
1440,MY_TO_SG,2026-09-27T18:40:00,30.425,xgb[maps+prof],36.28788375854492,36.2804023047002,25.166666666666664
1440,MY_TO_SG,2026-09-27T18:50:00,30.183333333333334,xgb[maps+prof],34.23196029663086,36.18196175641056,24.558333333333334
1440,MY_TO_SG,2026-09-27T19:00:00,31.65,xgb[maps+prof],34.83345413208008,36.05963162836053,25.5
1440,MY_TO_SG,2026-09-27T19:10:00,31.125,xgb[maps+prof],34.08607864379883,35.899991994678885,24.725
1440,MY_TO_SG,2026-09-27T19:20:00,31.441666666666666,xgb[maps+prof],37.724063873291016,35.700537522247544,24.4
1440,MY_TO_SG,2026-09-27T19:30:00,32.958333333333336,xgb[maps+prof],36.895938873291016,35.470684768910964,24.525
1440,MY_TO_SG,2026-09-27T19:40:00,27.858333333333334,xgb[maps+prof],35.492767333984375,35.23138196105328,25.375
1440,MY_TO_SG,2026-09-27T19:50:00,30.09166666666667,xgb[maps+prof],36.16633224487305,35.013337737610094,25.45
1440,MY_TO_SG,2026-09-27T20:00:00,28.708333333333336,xgb[maps+prof],38.03678512573242,34.8540247201793,24.291666666666668
1440,MY_TO_SG,2026-09-27T20:10:00,33.30833333333334,xgb[maps+prof],35.513729095458984,34.79373791185682,22.783333333333335
1440,MY_TO_SG,2026-09-27T20:20:00,31.775000000000002,xgb[maps+prof],35.72739791870117,34.87108493620056,24.475
1440,MY_TO_SG,2026-09-27T20:30:00,33.25,xgb[maps+prof],36.63679122924805,35.11834583691791,25.391666666666666
1440,MY_TO_SG,2026-09-27T20:40:00,31.5,xgb[maps+prof],36.69276809692383,35.55715897967178,28.15833333333333
1440,MY_TO_SG,2026-09-27T20:50:00,28.933333333333334,xgb[maps+prof],37.80033493041992,36.19496499393325,30.808333333333334
1440,MY_TO_SG,2026-09-27T21:00:00,27.833333333333336,xgb[maps+prof],39.42093276977539,37.022575259668685,33.3
1440,MY_TO_SG,2026-09-27T21:10:00,33.708333333333336,xgb[maps+prof],35.66633605957031,38.013131586848665,38.04166666666667
1440,MY_TO_SG,2026-09-27T21:20:00,31.275,xgb[maps+prof],37.169673919677734,39.12259899795793,37.99166666666667
1440,MY_TO_SG,2026-09-27T21:30:00,33.233333333333334,xgb[maps+prof],34.522621154785156,40.29179562778639,38.46666666666667
1440,MY_TO_SG,2026-09-27T21:40:00,30.78333333333333,xgb[maps+prof],34.760414123535156,41.44982546514919,39.175
1440,MY_TO_SG,2026-09-27T21:50:00,35.66666666666667,xgb[maps+prof],34.60771942138672,42.51865357589334,41.141666666666666
1440,MY_TO_SG,2026-09-27T22:00:00,38.45,xgb[maps+prof],35.44606399536133,43.418460837198786,41.55
1440,MY_TO_SG,2026-09-27T22:10:00,41.391666666666666,xgb[maps+prof],35.208431243896484,44.073345020030274,44.016666666666666
1440,MY_TO_SG,2026-09-27T22:20:00,30.766666666666666,xgb[maps+prof],33.914730072021484,44.41690312822252,37.90833333333333
1440,MY_TO_SG,2026-09-27T22:30:00,31.6,xgb[maps+prof],35.394107818603516,44.39723854276217,37.20833333333333
1440,MY_TO_SG,2026-09-27T22:40:00,31.6,xgb[maps+prof],34.91424560546875,43.98098437228669,37.275
1440,MY_TO_SG,2026-09-27T22:50:00,27.416666666666668,xgb[maps+prof],35.149627685546875,43.156016681491685,34.175
1440,MY_TO_SG,2026-09-27T23:00:00,26.391666666666666,xgb[maps+prof],35.3216438293457,41.9326402508301,34.63333333333333
1440,MY_TO_SG,2026-09-27T23:10:00,27.25,xgb[maps+prof],34.22938919067383,40.34315536193727,35.483333333333334
1440,MY_TO_SG,2026-09-27T23:20:00,27.78333333333333,xgb[maps+prof],33.472198486328125,38.439845739909785,31.808333333333334
1440,MY_TO_SG,2026-09-27T23:30:00,23.025,xgb[maps+prof],29.86488151550293,36.29155394555345,33.43333333333334
1440,MY_TO_SG,2026-09-27T23:40:00,23.525,xgb[maps+prof],27.594104766845703,33.97912070623792,33.65833333333333
1440,MY_TO_SG,2026-09-27T23:50:00,22.641666666666666,xgb[maps+prof],26.216001510620117,31.59005006842541,33.275000000000006
